title,industry,era,genre,star,tier,moment,notes
Sholay,BW,70s,action,Amitabh,1,I_KNEW_IT,canonical blockbuster — hole-in-one for any deck
Deewaar,BW,70s,drama,Amitabh,1,I_KNEW_IT,"mere paas maa hai" line is meme-tier
Don (1978),BW,70s,thriller,Amitabh,1,ARGUMENT,"argument vs Don 2006 remake — pick one"
Zanjeer,BW,70s,action,Amitabh,1,GENERATIONAL_BRIDGE,angry-young-man origin
Amar Akbar Anthony,BW,70s,drama,Amitabh,1,GENERATIONAL_BRIDGE,three-brother trope
Mughal-e-Azam,BW,60s,drama,Dilip-Kumar,1,GENERATIONAL_BRIDGE,colorized re-release brought it to younger crowds
Guide,BW,60s,drama,Dev-Anand,2,FLEX,critical darling but weaker recognition
Pyaasa,BW,50s,drama,Guru-Dutt,3,FLEX,deep cut
Kaagaz Ke Phool,BW,50s,drama,Guru-Dutt,3,FLEX,cinephile bait
Andaz Apna Apna,BW,90s,comedy,Aamir,1,I_KNEW_IT,meme economy is through the roof
Jaane Bhi Do Yaaro,BW,80s,comedy,Naseeruddin,2,FLEX,cult
Hera Pheri,BW,2000s,comedy,Akshay,1,I_KNEW_IT,every line memed
Phir Hera Pheri,BW,2000s,comedy,Akshay,1,I_KNEW_IT,but same deck needs only one
Golmaal,BW,2000s,comedy,Ajay,1,ARGUMENT,4+ films in series — pick the best one
Munna Bhai MBBS,BW,2000s,comedy,Sanjay,1,I_KNEW_IT,Jadoo ki jhappi
Lage Raho Munna Bhai,BW,2000s,comedy,Sanjay,1,GENERATIONAL_BRIDGE,Gandhigiri became a word
3 Idiots,BW,2000s,comedy,Aamir,1,I_KNEW_IT,all izz well
PK,BW,2010s,comedy,Aamir,1,I_KNEW_IT,alien-on-earth
Dangal,BW,2010s,drama,Aamir,1,I_KNEW_IT,wrestling sisters
Lagaan,BW,2000s,drama,Aamir,1,I_KNEW_IT,cricket vs empire
Rang De Basanti,BW,2000s,drama,Aamir,1,GENERATIONAL_BRIDGE,sparked real activism
Taare Zameen Par,BW,2000s,drama,Aamir,1,GENERATIONAL_BRIDGE,dyslexia awareness
DDLJ,BW,90s,romance,SRK,1,I_KNEW_IT,Maratha Mandir eternal show
Kuch Kuch Hota Hai,BW,90s,romance,SRK,1,I_KNEW_IT,friendship triangle
Kabhi Khushi Kabhie Gham,BW,2000s,drama,SRK,1,GENERATIONAL_BRIDGE,every NRI household
Kal Ho Naa Ho,BW,2000s,romance,SRK,1,I_KNEW_IT,titular song
My Name Is Khan,BW,2010s,drama,SRK,1,ARGUMENT,post-9/11 reception
Chak De India,BW,2000s,sports,SRK,1,I_KNEW_IT,hockey underdogs
Swades,BW,2000s,drama,SRK,2,GENERATIONAL_BRIDGE,"underrated; SRK's favorite of his own"
Om Shanti Om,BW,2000s,romance,SRK,1,ARGUMENT,reincarnation trope
Dilwale,BW,2010s,romance,SRK,2,ARGUMENT,weaker SRK outing
Baazigar,BW,90s,thriller,SRK,2,FLEX,SRK-as-villain turn
Darr,BW,90s,thriller,SRK,2,FLEX,stalker-as-protagonist (aged badly)
Dil Chahta Hai,BW,2000s,drama,Aamir,1,I_KNEW_IT,Goa trip genre-defined
Zindagi Na Milegi Dobara,BW,2010s,drama,Hrithik,1,I_KNEW_IT,Spain trip
Rock On,BW,2000s,music,Farhan,2,ARGUMENT,rock music earnestness
Wake Up Sid,BW,2000s,drama,Ranbir,2,GENERATIONAL_BRIDGE,late-bloomer story
Yeh Jawaani Hai Deewani,BW,2010s,romance,Ranbir,1,I_KNEW_IT,Manali trip
Rockstar,BW,2010s,drama,Ranbir,2,FLEX,cult following
Barfi,BW,2010s,romance,Ranbir,2,ARGUMENT,plagiarism charges
Tamasha,BW,2010s,drama,Ranbir,2,FLEX,underrated by box office
Queen,BW,2010s,drama,Kangana,1,I_KNEW_IT,solo honeymoon
Pink,BW,2010s,drama,Amitabh,1,ARGUMENT,"no means no" message
Andhadhun,BW,2010s,thriller,Ayushmann,1,I_KNEW_IT,blind pianist
Article 15,BW,2010s,drama,Ayushmann,2,FLEX,caste brutality
Stree,BW,2010s,comedy,Rajkummar,1,I_KNEW_IT,horror-comedy
Bareilly Ki Barfi,BW,2010s,romance,Ayushmann,2,GENERATIONAL_BRIDGE,small-town texture
Masaan,BW,2010s,drama,Richa,2,FLEX,Varanasi funeral ghats
Gully Boy,BW,2010s,music,Ranveer,1,I_KNEW_IT,apna time aayega
Bajirao Mastani,BW,2010s,drama,Ranveer,1,GENERATIONAL_BRIDGE,period epic
Padmaavat,BW,2010s,drama,Ranveer,1,ARGUMENT,controversy
Ram Leela,BW,2010s,romance,Ranveer,2,GENERATIONAL_BRIDGE,Gujarati Romeo-Juliet
Bajrangi Bhaijaan,BW,2010s,drama,Salman,1,I_KNEW_IT,mute-girl-home
Sultan,BW,2010s,sports,Salman,1,ARGUMENT,wrestling overlap with Dangal
Dabangg,BW,2010s,action,Salman,1,I_KNEW_IT,Chulbul Pandey
Kick,BW,2010s,action,Salman,2,GENERATIONAL_BRIDGE,masala
Wanted,BW,2000s,action,Salman,2,FLEX,Salman comeback
Wake Up Sid,BW,2000s,drama,Ranbir,2,GENERATIONAL_BRIDGE,duplicate check
Bhaag Milkha Bhaag,BW,2010s,sports,Farhan,1,I_KNEW_IT,Flying Sikh biopic
MS Dhoni Untold Story,BW,2010s,sports,Sushant,1,GENERATIONAL_BRIDGE,cricket biopic
Mary Kom,BW,2010s,sports,Priyanka,1,I_KNEW_IT,boxer biopic
Neerja,BW,2010s,drama,Sonam,2,GENERATIONAL_BRIDGE,Pan Am hijack
Raazi,BW,2010s,thriller,Alia,1,GENERATIONAL_BRIDGE,RAW spy
Gangs of Wasseypur,BW,2010s,action,Manoj-Bajpayee,1,FLEX,cult epic
Udaan,BW,2010s,drama,Rajat,2,FLEX,coming-of-age
Paan Singh Tomar,BW,2010s,sports,Irrfan,2,FLEX,athlete-turned-bandit
Haider,BW,2010s,drama,Shahid,2,FLEX,Kashmir Hamlet
Vishal-Bhardwaj-Maqbool,BW,2000s,drama,Irrfan,3,FLEX,Macbeth Mumbai
Omkara,BW,2000s,drama,Ajay,2,FLEX,Othello UP
Drishyam,BW,2010s,thriller,Ajay,1,I_KNEW_IT,Malayalam remake
Special 26,BW,2010s,thriller,Akshay,2,FLEX,heist caper
Badlapur,BW,2010s,thriller,Varun,2,FLEX,revenge slow-burn
Kahaani,BW,2010s,thriller,Vidya,1,I_KNEW_IT,pregnant Kolkata
Baazaar,BW,2010s,thriller,Saif,3,FLEX,stock market
Chashme Baddoor (1981),BW,80s,comedy,Farooq,2,GENERATIONAL_BRIDGE,nostalgia-grade
Chupke Chupke,BW,70s,comedy,Dharmendra,2,GENERATIONAL_BRIDGE,Hrishikesh Mukherjee
Anand,BW,70s,drama,Rajesh-Khanna,1,GENERATIONAL_BRIDGE,Babumoshai...
Namak Halaal,BW,80s,comedy,Amitabh,2,GENERATIONAL_BRIDGE,English English monologue
Satte Pe Satta,BW,80s,comedy,Amitabh,2,GENERATIONAL_BRIDGE,seven-brother chaos
Naseeb,BW,80s,drama,Amitabh,3,FLEX,John Jani Janardhan song
Don 2,BW,2010s,thriller,SRK,2,ARGUMENT,sequel to Don
Krrish,BW,2000s,action,Hrithik,1,GENERATIONAL_BRIDGE,Indian superhero
Koi Mil Gaya,BW,2000s,sci-fi,Hrithik,1,GENERATIONAL_BRIDGE,Jadoo
War,BW,2010s,action,Hrithik,1,ARGUMENT,YRF spy-universe
Pathan,BW,2020s,action,SRK,1,ARGUMENT,YRF spy-universe
Tiger Zinda Hai,BW,2010s,action,Salman,1,ARGUMENT,YRF spy-universe
Ek Tha Tiger,BW,2010s,action,Salman,1,ARGUMENT,YRF spy-universe
Mission Mangal,BW,2010s,drama,Akshay,2,GENERATIONAL_BRIDGE,ISRO biopic
Raid,BW,2010s,thriller,Ajay,2,FLEX,tax raid
Uri,BW,2010s,action,Vicky,1,I_KNEW_IT,"how's the josh"
Shershaah,BW,2020s,drama,Sidharth,2,GENERATIONAL_BRIDGE,Kargil biopic
83,BW,2020s,sports,Ranveer,1,GENERATIONAL_BRIDGE,1983 World Cup
Luka Chuppi,BW,2010s,romance,Kartik,2,ARGUMENT,live-in comedy
Pyaar Ka Punchnama,BW,2010s,comedy,Kartik,2,ARGUMENT,monologue meme
Sonu Ke Titu Ki Sweety,BW,2010s,comedy,Kartik,2,FLEX,Kartik monologue
Badhaai Ho,BW,2010s,comedy,Ayushmann,1,I_KNEW_IT,late parents pregnant
Vicky Donor,BW,2010s,comedy,Ayushmann,1,GENERATIONAL_BRIDGE,sperm donation
Dum Laga Ke Haisha,BW,2010s,romance,Ayushmann,2,FLEX,90s-Haridwar love
Shubh Mangal Saavdhan,BW,2010s,comedy,Ayushmann,2,GENERATIONAL_BRIDGE,ED taboo
Dream Girl,BW,2010s,comedy,Ayushmann,1,ARGUMENT,Pooja bolo
Chhichhore,BW,2010s,drama,Sushant,1,I_KNEW_IT,hostel nostalgia
Dhoom 2,BW,2000s,action,Hrithik,1,GENERATIONAL_BRIDGE,Dhoom trilogy
Dhoom 3,BW,2010s,action,Aamir,2,ARGUMENT,Dhoom trilogy
Race,BW,2000s,thriller,Saif,2,ARGUMENT,multiple sequels
Agneepath (1990),BW,90s,action,Amitabh,2,ARGUMENT,vs 2012 remake
Agneepath (2012),BW,2010s,action,Hrithik,1,ARGUMENT,vs 1990 original
Saathiya,BW,2000s,romance,Vivek,2,GENERATIONAL_BRIDGE,hit songs
Jab We Met,BW,2000s,romance,Shahid,1,I_KNEW_IT,Geet trope
Jab Harry Met Sejal,BW,2010s,romance,SRK,3,FLEX,flop but loyal fans
Imtiaz Ali Love Aaj Kal,BW,2000s,romance,Saif,2,ARGUMENT,meta love story
Tamasha,BW,2010s,drama,Ranbir,2,FLEX,"duplicate — remove"
Highway,BW,2010s,drama,Alia,2,FLEX,Stockholm road trip
Udta Punjab,BW,2010s,drama,Shahid,2,GENERATIONAL_BRIDGE,drugs Punjab
Bangaru Kodipetta,TW,2010s,romance,Sumanth,3,FLEX,Swati rom-com indie
Ganesh Just Ganesh,TW,2000s,drama,Ram,3,FLEX,indie
Kadapa Reddamma,TW,90s,drama,Sujatha,3,FLEX,indie
Nandanavanam 120 Kms,TW,2010s,drama,Manchu-Manoj,3,FLEX,indie
Nani,TW,2000s,comedy,Mahesh,3,FLEX,magical-wish indie
Raahu,TW,2010s,thriller,Abhilash,3,FLEX,indie Kriti Garg
Seethamma Andalu Ramayya Sitralu,TW,2010s,drama,Raj-Tarun,3,FLEX,indie drama
Sehari,TW,2020s,thriller,Harsh-Kanumilli,3,FLEX,indie thriller
Siddharth Roy,TW,2020s,romance,Deepak-Saroj,3,FLEX,indie romance 2024
Ye Mantram Vesave,TW,2010s,romance,Vijay-Deverakonda,3,FLEX,vamp-magic indie
30 Rojullo Preminchadam Ela,TW,2020s,romance,Pradeep-Machiraju,3,FLEX,rom-com OTT
Aavaram,TW,2000s,thriller,Ram-Gopal-Varma,3,FLEX,Urmila RGV
Aawara,TW,2010s,action,NTR-Jr,3,FLEX,Puri Jagannadh note
Allari,TW,2000s,romance,Allari-Naresh,3,FLEX,Ravi Babu debut
Allari Ramudu,TW,2000s,comedy,Mahesh,3,FLEX,B Gopal family film
Alludu Seenu,TW,2010s,action,Bellamkonda-Sreenivas,3,FLEX,V V Vinayak
Anaganaga O Dheerudu,TW,2010s,fantasy,Siddharth,3,FLEX,Disney Telugu
Ardha Shathabdam,TW,2020s,drama,Karthik-Rathnam,3,FLEX,Yadhu Vamsi caste love
Ayyare,TW,2010s,comedy,Shafi,3,FLEX,Narasimha cat-burglar
Bala Chandrudu,TW,90s,action,Mahesh,3,FLEX,child-actor era
Banam,TW,2010s,action,Nara-Rohit,3,FLEX,Chaithanya Dantuluri
Bedurulanka 2012,TW,2020s,comedy,Kartikeya,3,FLEX,Y2K small-town 2023
Bhaje Vaayu Vegam,TW,2020s,action,Kartikeya,3,FLEX,Prashanth Reddy
Case of Kondana,TW,2020s,thriller,Varun-Sandesh,3,FLEX,OTT
Check,TW,2020s,drama,Nithiin,3,FLEX,Chandra Sekhar Yeleti chess
Chenetha Banda,TW,90s,drama,Rajendra-Prasad,3,FLEX,Dasari
Courier Boy Kalyan,TW,2010s,romance,Nitin,3,FLEX,Premsai rom-com
Eeshwar,TW,2000s,action,Prabhas,3,FLEX,Puri Jagannadh
Erra Mallelu,TW,80s,drama,Murali-Mohan,3,FLEX,K Balachander-ish
Family Star,TW,2020s,drama,Vijay-Deverakonda,3,FLEX,Parasuram family reset
Gouravam,TW,2010s,drama,Allu-Sirish,3,FLEX,Radha Mohan bilingual
Johnny,TW,2000s,action,Pawan,3,FLEX,Pawan directorial
Kaadhal Solla Vandhen,TW,2010s,romance,Yuvan-Shankar,3,FLEX,Tamil-Telugu note
Kavacham,TW,2010s,action,Bellamkonda-Sreenivas,3,FLEX,Sreenivas Raga
Koduku Diddina Kapuram,TW,80s,drama,Mahesh,3,FLEX,child-actor debut
Kondaveeti Simhasanam,TW,80s,action,NTR-Sr,3,FLEX,NTR Sr faction
Krishna Vrinda Vihari,TW,2020s,romance,Naga-Shaurya,3,FLEX,Anish Krishna rom-com
Love Mocktail,TW,2020s,romance,Darling-Krishna,3,FLEX,Kannada-Telugu crossover
Manchivadu,TW,90s,drama,Mahesh,3,FLEX,child-star era
Mayabazar 2016,TW,2010s,action,Raj-Tharun,3,FLEX,demonetisation caper
Mr Majnu,TW,2010s,romance,Akhil,3,FLEX,Virupaksham director rom-com
Mudra,TW,2010s,action,Nikhil,3,FLEX,Anand Ranga mass
NOTA,TW,2010s,drama,Vijay-Deverakonda,3,FLEX,Tamil-Telugu political
Nara Rohit Asura,TW,2010s,thriller,Nara-Rohit,3,FLEX,Krishna Vijay OTT
Nayudu Gari Kutumbam,TW,90s,drama,Krishna,3,FLEX,Krishna faction
Nela Ticket,TW,2010s,action,Ravi-Teja,3,FLEX,Kalyan Krishna mass
Nene Varasudu,TW,90s,drama,ANR,3,FLEX,dubbed
O2 Life Is Beautiful,TW,2010s,drama,Nani,3,FLEX,Shekhar Kammula
Oh Manapenne,TW,2020s,romance,Harish-Kalyan,3,FLEX,Tamil-Telugu dub
Okkade Kanipinchadu,TW,2000s,drama,Sumanth,3,FLEX,Krishna Vamsi
Oxygen,TW,2010s,action,Gopichand,3,FLEX,AM Jyothi Krishna
Paagal,TW,2020s,romance,Vishwak-Sen,3,FLEX,five-heroine rom-com
Pagal Premikudu,TW,90s,romance,Rajendra-Prasad,3,FLEX,comedy-romance
Pakka Commercial,TW,2020s,action,Gopichand,3,FLEX,Maruthi satire
Panjaa,TW,2010s,action,Pawan,3,FLEX,Vishnuvardhan 2011
Pantham,TW,2010s,action,Gopichand,3,FLEX,K Chakravarthy Reddy
Pelli,TW,90s,romance,Vadde-Naveen,3,FLEX,Ram Gopal Varma
Pelli Pustakam,TW,90s,drama,Rajendra-Prasad,3,FLEX,EVV Satyanarayana
Pellikoduku,TW,90s,drama,Suman,3,FLEX,Muthyala Subbaiah
Power Star,TW,2020s,drama,Ram-Gopal-Varma,3,FLEX,Pawan Kalyan biopic rage
Premalekhalu,TW,90s,drama,Sudhakar,3,FLEX,music hit
Raatri,TW,90s,horror,Revathi,3,FLEX,RGV
Radhe Shyam,TW,2020s,romance,Prabhas,3,FLEX,Radha Krishna Kumar period
Rakshadhikari Baiju,TW,2010s,drama,Biju-Menon,3,FLEX,Malayalam-Telugu
Ramarao on Duty,TW,2020s,thriller,Ravi-Teja,3,FLEX,MRO procedural
Rickshawkaran,TW,70s,action,MGR,3,FLEX,dubbed MGR note
Roberrt,TW,2020s,action,Darshan,3,FLEX,Kannada-Telugu
Saamy Square,TW,2010s,action,Chiyaan-Vikram,3,FLEX,Tamil-Telugu note
Samaikyamithra,TW,2010s,drama,Rana-Daggubati,3,FLEX,political OTT
Sarkar (2002),TW,2000s,action,Krishna,3,FLEX,senior Ghattamaneni
Sarvam Thaala Mayam,TW,2010s,drama,GV-Prakash,3,FLEX,Tamil-Telugu
Satya Harishchandra,TW,2010s,drama,Sharwanand,3,FLEX,Kishore Kumar Pardasany
Savithri,TW,2010s,romance,Nara-Rohit,3,FLEX,Pawan Sadineni
Shavukaru,TW,50s,drama,NTR-Sr,3,FLEX,LV Prasad
Sobha,TW,90s,drama,Arjun,3,FLEX,K Viswanath
Soukhyam,TW,2010s,romance,Gopichand,3,FLEX,AS Ravikumar Chowdary
Speedunnodu,TW,2010s,romance,Bellamkonda-Sreenivas,3,FLEX,Bhimaneni rom-com
Sreshta,TW,80s,drama,Mahesh,3,FLEX,child-star debut
Srikanth (2024),TW,2020s,drama,Rajkummar,3,FLEX,Hindi-Telugu dub note
Subha Muhurtham,TW,2000s,drama,Sriram,3,FLEX,Nandyala
Subha Sankalpam,TW,90s,drama,Kamal-Haasan,3,FLEX,K Viswanath
Super Woman,TW,2010s,drama,Anushka,3,FLEX,loose compilation title
Takkari Donga,TW,2000s,action,Mahesh,3,FLEX,Telugu Western
Thank You Brother,TW,2020s,thriller,Anasuya,3,FLEX,elevator birth OTT
Urvashivo Rakshasivo,TW,2020s,romance,Allu-Sirish,3,FLEX,rom-com 2022
Vajra Kavachadhara Govinda,TW,2010s,comedy,Saptagiri,3,FLEX,VV Vinayak spoof
Veede,TW,2000s,action,Ravi-Teja,3,FLEX,Nagendra Prasad
Yemaali,TW,2010s,drama,Sam-Jones,3,FLEX,Tamil-Telugu note
Yuvarathnaa,TW,2020s,drama,Puneeth-Rajkumar,3,FLEX,Kannada-Telugu
Adipurush,TW,2020s,action,Prabhas,3,ARGUMENT,Om Raut Ramayana flop
Agnyaathavaasi,TW,2010s,action,Pawan,3,ARGUMENT,Largo Winch flop
Liger,TW,2020s,action,Vijay-Deverakonda,3,ARGUMENT,pan-India MMA disaster
Adhugo,TW,2010s,comedy,Ravi-Babu,2,ARGUMENT,pig-chase indie
Anaganaga Oka Roju,TW,90s,drama,Venkat,2,I_KNEW_IT,RGV indie
Arjuna Phalguna,TW,2020s,drama,Sree-Vishnu,2,I_KNEW_IT,Teja Marni indie
Samajavaragamana,TW,2020s,comedy,Sree-Vishnu,2,FLEX,indie dramedy 2023
18 Pages,TW,2020s,romance,Nikhil,2,FLEX,Palnati Surya diary romance
777 Charlie,TW,2020s,drama,Rakshit-Shetty,2,ARGUMENT,Kannada-Telugu dog
ABCD American Born Confused Desi,TW,2010s,comedy,Allu-Sirish,2,I_KNEW_IT,Madhura Sreedhar NRI
Adavi Ramudu (2005),TW,2000s,action,Prabhas,2,I_KNEW_IT,VN Aditya
Andhrudu,TW,2000s,action,Gopichand,2,I_KNEW_IT,Paruchuri brothers
Anjaneyulu,TW,2000s,action,Manchu-Vishnu,2,I_KNEW_IT,Parasuram
Aranya,TW,2020s,drama,Rana-Daggubati,2,I_KNEW_IT,Prabu Solomon elephant
Arjun,TW,2000s,action,Mahesh,2,FLEX,Gunasekhar mythic cop
Arjun Suravaram,TW,2010s,thriller,Nikhil,2,ARGUMENT,TN Santosh fake-docs
Arrambam,TW,2010s,thriller,Ajith,2,FLEX,Tamil-Telugu note
Ashta Chamma,TW,2000s,comedy,Srinivas-Avasarala,2,ARGUMENT,Wilde Earnest remake Telugu
Aswathama,TW,2020s,thriller,Naga-Shaurya,2,FLEX,sister-protect OTT
Balu ABCDEFG,TW,2000s,comedy,Pawan,2,ARGUMENT,corporate do-gooder
Bejawada,TW,2010s,action,Naga-Chaitanya,2,I_KNEW_IT,Vivek Krishna faction
Bengal Tiger,TW,2010s,action,Ravi-Teja,2,FLEX,Sampath Nandi mass
Bobby,TW,2000s,action,Mahesh,2,ARGUMENT,Sobhan mass
C U Soon,TW,2020s,thriller,Fahadh,2,ARGUMENT,Malayalam-Telugu dub
Captain Miller,TW,2020s,action,Dhanush,2,ARGUMENT,pan-Indian period
Cinema Choopistha Mava,TW,2010s,romance,Raj-Tarun,2,I_KNEW_IT,Rakshit Varma rom-com
Daruvu,TW,2010s,action,Ravi-Teja,2,I_KNEW_IT,Ghibran comedy
Das Ka Dhamki,TW,2020s,action,Vishwak-Sen,2,I_KNEW_IT,double role 2023
Denikaina Ready,TW,2010s,action,Manchu-Vishnu,2,ARGUMENT,G Nageswara Reddy
Devadas (2015),TW,2010s,comedy,Nagarjuna,2,FLEX,duplicate context (buddy-film)
Dohchay,TW,2010s,action,Naga-Chaitanya,2,I_KNEW_IT,Sudheer Varma thief
Dongala Mutha,TW,2010s,comedy,Ravi-Teja,2,FLEX,Vamsi heist
Doosukeltha,TW,2010s,action,Manchu-Vishnu,2,FLEX,Veeru Potla mass
Dorasaani,TW,2010s,romance,Anand-Deverakonda,2,FLEX,KV Satish period
Eagle,TW,2020s,thriller,Ravi-Teja,2,I_KNEW_IT,Karthik Gattamaneni mass
Gaami,TW,2020s,drama,Vishwak-Sen,2,FLEX,Himalayan sadhu 2024
Gaganam,TW,2010s,thriller,Nagarjuna,2,I_KNEW_IT,Payak Production hijack
Garuda Vega,TW,2010s,thriller,Rajashekar,2,ARGUMENT,Praveen Sattaru NIA
Gentleman,TW,2010s,thriller,Nani,2,I_KNEW_IT,double-life murder mystery
Goutham Nanda,TW,2010s,action,Gopichand,2,FLEX,Sampath Nandi double
Govinda Govinda,TW,90s,drama,Nagarjuna,2,I_KNEW_IT,Ram Gopal Varma
Gunde Jaari Gallanthayyinde,TW,2010s,romance,Nithiin,2,I_KNEW_IT,Vijay Kumar Konda rom-com
Hari Hara Veera Mallu,TW,2020s,action,Pawan,2,I_KNEW_IT,perpetual delay meme
Hello,TW,2010s,romance,Akhil,2,I_KNEW_IT,Vikram Kumar romance
Homam,TW,2000s,thriller,Jagapathi-Babu,2,I_KNEW_IT,JD Chakravarthy
Hyper,TW,2010s,action,Ram-Pothineni,2,I_KNEW_IT,Santosh Srinivas
James,TW,2020s,action,Puneeth-Rajkumar,2,I_KNEW_IT,Kannada-Telugu
Jil,TW,2010s,action,Gopichand,2,ARGUMENT,Radha Krishna action
Kaithi,TW,2010s,action,Karthi,2,ARGUMENT,Tamil-Telugu
Kalki,TW,2010s,action,Rajashekar,2,ARGUMENT,Prasanth Varma cop-period
Kirik Party,TW,2010s,comedy,Nikhil,2,ARGUMENT,Kannada remake confused
Kotha Janta,TW,2010s,romance,Allu-Sirish,2,I_KNEW_IT,Maruthi rom-com
Krishnam Vande Jagadgurum,TW,2010s,action,Rana-Daggubati,2,I_KNEW_IT,Krish ensemble
LIE,TW,2010s,thriller,Nithiin,2,ARGUMENT,Hanu Raghavapudi spy
Lakshmi,TW,2000s,drama,Venkatesh,2,I_KNEW_IT,VV Vinayak dual
Leo,TW,2020s,action,Vijay,2,I_KNEW_IT,Tamil-Telugu
Loukyam,TW,2010s,drama,Gopichand,2,I_KNEW_IT,Sreenu Vaitla family
Maha Samudram,TW,2020s,drama,Sharwanand,2,I_KNEW_IT,Ajay Bhupathi friendship
Mahanubhavudu,TW,2010s,comedy,Sharwanand,2,ARGUMENT,Maruthi OCD-hero
Master (2022),TW,2020s,action,Vijay,2,FLEX,Tamil-Telugu dubbed big
Michael Madana Kama Raju,TW,90s,comedy,Kamal-Haasan,2,I_KNEW_IT,Tamil original note
Miss Shetty Mr Polishetty,TW,2020s,comedy,Naveen-Polishetty,2,I_KNEW_IT,mid-life rom-com 2023
Mister,TW,2010s,romance,Varun-Tej,2,ARGUMENT,Sreenu Vaitla confused rom-com
Mogudu,TW,2010s,romance,Gopichand,2,ARGUMENT,Krishna Vamsi
Most Eligible Bachelor,TW,2020s,romance,Akhil,2,ARGUMENT,Akhil-Pooja rom-com
Naga Chaitanya Savyasachi,TW,2010s,action,Naga-Chaitanya,2,I_KNEW_IT,Chandoo Mondeti mysterious arm
Namo Venkatesa,TW,2010s,comedy,Venkatesh,2,I_KNEW_IT,Srinu Vaitla
Nijam,TW,2000s,action,Mahesh,2,ARGUMENT,Teja mass
Nippu,TW,2010s,action,Ravi-Teja,2,I_KNEW_IT,Gunashekhar cop
Nishabdham,TW,2020s,thriller,Anushka,2,FLEX,Hemant Madhukar Amazon
OG,TW,2020s,action,Pawan,2,ARGUMENT,gangster saga 2025
Oka Laila Kosam,TW,2010s,romance,Naga-Chaitanya,2,I_KNEW_IT,Vijay Kumar Konda
Oke Oka Jeevitham,TW,2020s,sci-fi,Sharwanand,2,I_KNEW_IT,Shree Karthick time travel
Om Namo Venkatesaya,TW,2010s,drama,Nagarjuna,2,I_KNEW_IT,Raghavendra Rao devotional
Ooru Peru Bhairavakona,TW,2020s,action,Sundeep-Kishan,2,FLEX,fantasy heist 2024
Orey Bujjiga,TW,2020s,romance,Raj-Tarun,2,I_KNEW_IT,Vijay Kumar Konda OTT
PSV Garuda Vega,TW,2010s,thriller,Rajashekar,2,FLEX,variant title
Panchakshari,TW,2000s,fantasy,Anushka,2,I_KNEW_IT,Kodi Ramakrishna
Pandaga Chesko,TW,2010s,comedy,Ram-Pothineni,2,I_KNEW_IT,Gopichand Malineni comedy
Pelli SandaD,TW,2020s,romance,Roshan,2,ARGUMENT,remake of Pelli SandaD 1996
Petta,TW,2010s,action,Rajinikanth,2,I_KNEW_IT,Tamil-Telugu
Pilla Zamindar,TW,2010s,comedy,Nani,2,FLEX,college-to-village heir
Ponniyin Selvan I,TW,2020s,drama,Mani-Ratnam,2,ARGUMENT,Tamil-Telugu
Ponniyin Selvan II,TW,2020s,drama,Mani-Ratnam,2,FLEX,Tamil-Telugu
Prasthanam,TW,2010s,drama,Sharwanand,2,I_KNEW_IT,Deva Katta political
Priyuralu Pilichindi,TW,90s,romance,Ajith,2,I_KNEW_IT,Mani Ratnam dubbed
Pushpaka Vimanam (2021),TW,2020s,drama,Anand-Deverakonda,2,I_KNEW_IT,Indraganti family drama
Rakhi,TW,2000s,action,NTR-Jr,2,FLEX,Krishna Vamsi mass
Rakshakudu,TW,90s,action,Nagarjuna,2,I_KNEW_IT,Mani Ratnam dub
Ramayya Vasthavayya (2015),TW,2010s,action,NTR-Jr,2,FLEX,Harish Shankar faction
Ranarangam,TW,2010s,action,Sharwanand,2,I_KNEW_IT,Sudheer Varma bootlegger
Rebel,TW,2010s,action,Prabhas,2,I_KNEW_IT,Raghava Lawrence mass
Rowdy,TW,2010s,action,Manchu-Vishnu,2,FLEX,Linguswamy
Rowdy Rajamma,TW,90s,comedy,Vijayashanti,2,I_KNEW_IT,female-lead action
Saahasam,TW,2010s,action,Gopichand,2,I_KNEW_IT,Chandra Sekhar Yeleti
Sahasam Swasaga Sagipo,TW,2010s,romance,Naga-Chaitanya,2,I_KNEW_IT,Gautham Menon
Saindhav,TW,2020s,action,Venkatesh,2,I_KNEW_IT,Sailesh Kolanu mass
Samba,TW,2000s,action,NTR-Jr,2,ARGUMENT,VN Aditya mass
Sankranthi,TW,2000s,drama,Nagarjuna,2,I_KNEW_IT,K Raghavendra family
Sapta Sagaralu Dhaati,TW,2020s,romance,Rakshit-Shetty,2,I_KNEW_IT,Kannada-Telugu bilingual
Sasirekha Parinayam,TW,2000s,drama,Tarun,2,FLEX,Krish period romance
Seema Tapakai,TW,2010s,action,Allari-Naresh,2,ARGUMENT,G Nageswara Reddy
Seetimaarr,TW,2020s,sports,Gopichand,2,FLEX,Sampath Nandi kabaddi
Srinivasa Kalyanam,TW,2010s,drama,Nithiin,2,I_KNEW_IT,Satish Vegesna family
Srirastu Subhamastu,TW,2010s,romance,Allu-Sirish,2,ARGUMENT,Parasuram rom-com
Surya vs Surya,TW,2010s,drama,Nikhil,2,ARGUMENT,Karthik Ghattamaneni sun-allergy
Tadakha,TW,2010s,action,Naga-Chaitanya,2,FLEX,Kishore Kumar Pardasany
Theri,TW,2010s,action,Vijay,2,FLEX,Tamil-Telugu
Tiger Nageswara Rao,TW,2020s,action,Ravi-Teja,2,ARGUMENT,Stuartpuram bandit biopic
Tuck Jagadish,TW,2020s,drama,Nani,2,I_KNEW_IT,pandemic-OTT family film
Tuneega Tuneega,TW,2010s,romance,Sumanth-Ashwin,2,ARGUMENT,Satish Vegesna birdwatcher
V,TW,2020s,thriller,Nani,2,FLEX,cop-vs-serial-killer Amazon film
Varudu Kaavalenu,TW,2020s,romance,Naga-Shaurya,2,I_KNEW_IT,Lakshmi Sowjanya rom-com
Venky Mama,TW,2010s,drama,Naga-Chaitanya,2,ARGUMENT,Bobby uncle-nephew
Vikrant Rona,TW,2020s,action,Sudeep,2,I_KNEW_IT,Kannada-Telugu 3D
Viswasam,TW,2010s,action,Ajith,2,ARGUMENT,Tamil-Telugu
Wild Dog,TW,2020s,thriller,Nagarjuna,2,FLEX,NIA procedural
Yatra 2,TW,2020s,drama,Mammootty,2,ARGUMENT,Mahi Raghav sequel
Yeto Vellipoyindi Manasu,TW,2010s,romance,Nani,2,FLEX,Gautham Menon angst
Yogi,TW,2000s,action,Prabhas,2,I_KNEW_IT,VV Vinayak mass
Yuddham Sharanam,TW,2010s,action,Naga-Chaitanya,2,ARGUMENT,Krish Jagarlamudi
Andhrawala,TW,2000s,action,NTR-Jr,2,ARGUMENT,Puri Jagannadh flop
Autonagar Surya,TW,2010s,action,Naga-Chaitanya,2,ARGUMENT,Deva Katta flop
Balupu,TW,2010s,action,Ravi-Teja,2,ARGUMENT,VV Vinayak mass flop
Bruce Lee The Fighter,TW,2010s,action,Ram-Charan,2,ARGUMENT,Srinu Vaitla flop
Cameraman Gangatho Rambabu,TW,2010s,drama,Pawan,2,ARGUMENT,Puri cop flop
Don,TW,2000s,action,Nagarjuna,2,ARGUMENT,Lawrence mass flop
Kantri,TW,2000s,action,NTR-Jr,2,ARGUMENT,Meher Ramesh flop
Raja Saab,TW,2020s,action,Prabhas,2,ARGUMENT,upcoming horror-comedy buzz
Sainikudu,TW,2000s,action,Mahesh,2,ARGUMENT,Gunasekhar flop
Spyder,TW,2010s,thriller,Mahesh,2,ARGUMENT,Murugadoss bilingual flop
Middle Class Melodies,TW,2020s,comedy,Anand-Deverakonda,2,I_KNEW_IT,Guntur tiffin-center indie
100% Love,TW,2010s,romance,Naga-Chaitanya,2,GENERATIONAL_BRIDGE,Sukumar cousin romance
Aa Naluguru,TW,2000s,drama,Rajendra-Prasad,2,I_KNEW_IT,Chandra Sekhar Yeleti
Aagadu,TW,2010s,action,Mahesh,2,ARGUMENT,Srinu Vaitla cop misfire
Aahwanam,TW,90s,drama,Srikanth,2,GENERATIONAL_BRIDGE,K Raghavendra Rao
Aakasam Nee Haddhu Ra,TW,2020s,drama,Suriya,2,I_KNEW_IT,Soorarai Pottru Telugu
Adhurs,TW,2010s,comedy,NTR-Jr,2,ARGUMENT,VV Vinayak double-role
Andala Rakshasi,TW,2010s,romance,Rahul-Ravindran,2,I_KNEW_IT,Hanu Raghavapudi triangle
Andala Ramudu,TW,70s,comedy,ANR,2,GENERATIONAL_BRIDGE,Bapu 1973 folk
Appatlo Okadundevadu,TW,2010s,drama,Nara-Rohit,2,I_KNEW_IT,Sagar Chandra 90s cop
Awe,TW,2010s,drama,Kajal,2,I_KNEW_IT,Prasanth Varma time-anthology
Baadshah,TW,2010s,action,NTR-Jr,2,ARGUMENT,Srinu Vaitla cop-caper
Badrinath,TW,2010s,action,Allu-Arjun,2,ARGUMENT,V V Vinayak mystical cop
Bangarraju (2022),TW,2020s,drama,Nagarjuna,2,ARGUMENT,Soggade sequel
Bava Bavamaridi,TW,90s,drama,Akkineni-Nageswara-Rao,2,GENERATIONAL_BRIDGE,K Raghavendra Rao family
Bava Nachadu,TW,90s,romance,Venkatesh,2,GENERATIONAL_BRIDGE,Chandra Siddhartha
Bhale Manchi Roju,TW,2010s,comedy,Sundeep-Kishan,2,I_KNEW_IT,Sriram Adittya heist
Bheeshma,TW,2020s,romance,Nithiin,2,I_KNEW_IT,Venky Kudumula comedy
Billa,TW,2000s,action,Prabhas,2,I_KNEW_IT,Meher Ramesh remake
Bindaas,TW,2010s,action,Manchu-Manoj,2,ARGUMENT,Veeru Potla mass
Blade Babji,TW,2000s,comedy,Allari-Naresh,2,GENERATIONAL_BRIDGE,Deva Katta spoof
Body Guard,TW,2010s,action,Venkatesh,2,ARGUMENT,Atul Agnihotri remake
Bro,TW,2020s,drama,Pawan,2,ARGUMENT,Vinaya Vidheya Pawan
Bujjigaadu,TW,2000s,action,Prabhas,2,ARGUMENT,Puri Jagannadh
Bunny,TW,2000s,romance,Allu-Arjun,2,ARGUMENT,V V Vinayak college film
Businessman,TW,2010s,action,Mahesh,2,I_KNEW_IT,Puri Jagannadh mass-don
Chal Mohan Ranga,TW,2010s,romance,Nithiin,2,GENERATIONAL_BRIDGE,Krishna Chaitanya Pawan production
Chandramukhi 2,TW,2020s,horror,Raghava-Lawrence,2,ARGUMENT,Rajinikanth shoes
Chanti,TW,90s,drama,Venkatesh,2,GENERATIONAL_BRIDGE,K Raghavendra Rao orphan
Chi La Sow,TW,2010s,romance,Sushanth,2,I_KNEW_IT,Rahul Ravindran pre-marriage romance
Chukkallo Chandrudu,TW,2000s,romance,Siddharth,2,GENERATIONAL_BRIDGE,Siva Kumar triangle
Cinema Bandi,TW,2020s,comedy,Vikas-Vasishta,2,I_KNEW_IT,Praveen Kandregula auto-driver film
Custody,TW,2020s,thriller,Naga-Chaitanya,2,ARGUMENT,Venkat Prabhu bilingual
Daaku Maharaaj,TW,2020s,action,Balakrishna,2,ARGUMENT,bandit 2025
Dammu,TW,2010s,action,NTR-Jr,2,ARGUMENT,Boyapati mass
Devi Putrudu,TW,90s,drama,Venkatesh,2,GENERATIONAL_BRIDGE,Kodandarami Reddy
Deyyam,TW,90s,horror,JD-Chakravarthy,2,GENERATIONAL_BRIDGE,RGV ghost
Dhamaka,TW,2020s,action,Ravi-Teja,2,I_KNEW_IT,mistaken identity hit
Driver Ramudu,TW,70s,drama,NTR-Sr,2,GENERATIONAL_BRIDGE,Dasari Narayana Rao
Ek Niranjan,TW,2000s,action,Prabhas,2,ARGUMENT,Puri Jagannadh
Endukante Premanta,TW,2010s,romance,Ram-Pothineni,2,GENERATIONAL_BRIDGE,AS Ravikumar Chowdary
Express Raja,TW,2010s,comedy,Sharwanand,2,I_KNEW_IT,Merlapaka Gandhi caper
F3 Fun and Frustration,TW,2020s,comedy,Venkatesh,2,ARGUMENT,F2 sequel mixed
G2,TW,2020s,thriller,Adivi-Sesh,2,ARGUMENT,Goodachari sequel
Ganesh,TW,90s,drama,Venkatesh,2,GENERATIONAL_BRIDGE,Thulasi Chakravarthy
Gang Leader (2015),TW,2010s,action,Nani,2,ARGUMENT,revenge caper 2019
Gangotri,TW,2000s,action,Allu-Arjun,2,GENERATIONAL_BRIDGE,K Raghavendra Rao faction
Ghatotkachudu,TW,90s,fantasy,Ali,2,GENERATIONAL_BRIDGE,SS Rajamouli note — actually directed by Singeetam
Guru,TW,2010s,sports,Venkatesh,2,I_KNEW_IT,Irudhi Suttru Telugu
Happy,TW,2000s,romance,Allu-Arjun,2,GENERATIONAL_BRIDGE,A Karunakaran college
Heart Attack,TW,2010s,romance,Nithiin,2,ARGUMENT,Puri Jagannadh
Hello Brother,TW,90s,comedy,Nagarjuna,2,GENERATIONAL_BRIDGE,EVV kidney-swap
Hit 2,TW,2020s,thriller,Adivi-Sesh,2,I_KNEW_IT,HIT universe expansion
Hit 3,TW,2020s,thriller,Nani,2,I_KNEW_IT,HIT universe expansion
Iddarammayilatho,TW,2010s,romance,Allu-Arjun,2,ARGUMENT,Puri Jagannadh tri-love
Ishq,TW,2010s,romance,Nithiin,2,GENERATIONAL_BRIDGE,Vikram Kumar rom-com
Jaanu,TW,2020s,romance,Sharwanand,2,ARGUMENT,96 Telugu remake
Jai Simha,TW,2010s,action,Balakrishna,2,ARGUMENT,KS Ravikumar mass
Jaya Janaki Nayaka,TW,2010s,action,Bellamkonda-Sreenivas,2,ARGUMENT,Boyapati mass
Josh,TW,2000s,action,Naga-Chaitanya,2,ARGUMENT,Vasu Varma debut
Kandireega,TW,2010s,action,Ram-Pothineni,2,I_KNEW_IT,Santosh Srinivas debut
Katamarayudu,TW,2010s,action,Pawan,2,ARGUMENT,Veeram remake
Kick 2,TW,2010s,action,Ravi-Teja,2,ARGUMENT,Surender Reddy sequel
Krack,TW,2020s,action,Ravi-Teja,2,I_KNEW_IT,Gopichand cop 2021
Krishnarjuna Yuddham,TW,2010s,romance,Nani,2,ARGUMENT,double-role rom-com
Kumari 21F,TW,2010s,romance,Raj-Tarun,2,GENERATIONAL_BRIDGE,Surender Reddy bold
Lankeshwarudu,TW,80s,action,Chiranjeevi,2,GENERATIONAL_BRIDGE,A Kodandarami Reddy
Life Is Beautiful,TW,2010s,drama,Sekhar-Kammula,2,I_KNEW_IT,Shekhar Kammula coming-of-age
Love Story,TW,2020s,romance,Naga-Chaitanya,2,I_KNEW_IT,Sekhar Kammula 2021
MCA Middle Class Abbayi,TW,2010s,drama,Nani,2,GENERATIONAL_BRIDGE,sister-protector mass
Maestro,TW,2020s,thriller,Nithiin,2,ARGUMENT,Andhadhun Telugu
Majnu,TW,2010s,romance,Nani,2,GENERATIONAL_BRIDGE,Nani-Anu Emmanuel rom-com
Malli Malli Idi Rani Roju,TW,2010s,romance,Sharwanand,2,I_KNEW_IT,Kranthi Madhav diary romance
Malliswari,TW,2000s,romance,Venkatesh,2,GENERATIONAL_BRIDGE,K Vijaya Bhaskar rom-com
Money Money,TW,90s,comedy,JD-Chakravarthy,2,GENERATIONAL_BRIDGE,sequel
Mr Perfect,TW,2010s,romance,Prabhas,2,GENERATIONAL_BRIDGE,Dasarath rom-com
Muddula Mogudu,TW,90s,drama,Balakrishna,2,GENERATIONAL_BRIDGE,Muthyala Subbaiah
Mutha Mestri,TW,90s,action,Chiranjeevi,2,GENERATIONAL_BRIDGE,ARK Reddy blockbuster
Muthyala Muggu,TW,70s,drama,Srividya,2,GENERATIONAL_BRIDGE,Bapu classic
Naa Peru Surya,TW,2010s,action,Allu-Arjun,2,ARGUMENT,Vakkantham directorial debut
Naa Saami Ranga,TW,2020s,drama,Nagarjuna,2,ARGUMENT,Porinju Mariam Jose remake
Narappa,TW,2020s,drama,Venkatesh,2,I_KNEW_IT,Asuran Telugu
Narasimhudu,TW,2000s,action,NTR-Jr,2,ARGUMENT,B Gopal faction
Nuvvu Leka Nenu Lenu,TW,2000s,romance,Tarun,2,GENERATIONAL_BRIDGE,Chandra Sekhar Yeleti
Okka Kshanam,TW,2010s,thriller,Allu-Sirish,2,I_KNEW_IT,VI Anand mirror-life
Oosaravelli,TW,2010s,action,NTR-Jr,2,ARGUMENT,Surender Reddy cop
Orange,TW,2010s,romance,Ram-Charan,2,ARGUMENT,Bhaskar commitment-phobe
Ori Devuda,TW,2020s,comedy,Vishwak-Sen,2,I_KNEW_IT,Oh My Kadavule remake
Osey Ramulamma,TW,90s,drama,Vijayashanti,2,GENERATIONAL_BRIDGE,Dasari Dalit
Oye,TW,2000s,romance,Siddharth,2,GENERATIONAL_BRIDGE,Anish Kuruvilla neighborhood
Palasa 1978,TW,2020s,drama,Rakshit,2,I_KNEW_IT,Karuna Kumar caste revenge
Pandava Vanavasam,TW,60s,drama,NTR-Sr,2,GENERATIONAL_BRIDGE,Kamalakara mythological
Pasivadi Pranam,TW,80s,drama,Chiranjeevi,2,GENERATIONAL_BRIDGE,A Kodandarami Reddy
Pavitra Prema,TW,90s,drama,Balakrishna,2,GENERATIONAL_BRIDGE,Muthyala Subbaiah
Pelli Chesi Choodu,TW,50s,comedy,NTR-Sr,2,GENERATIONAL_BRIDGE,LV Prasad
Pelli Sandadi,TW,90s,romance,Srikanth,2,GENERATIONAL_BRIDGE,K Raghavendra Rao 1996
Phalaknuma Das,TW,2010s,action,Vishwak-Sen,2,I_KNEW_IT,Angamaly Diaries Telugu
Pournami,TW,2000s,romance,Prabhas,2,GENERATIONAL_BRIDGE,Prabhu Deva
Power,TW,2010s,action,Ravi-Teja,2,GENERATIONAL_BRIDGE,KS Ravindra mass
Prathinidhi,TW,2010s,thriller,Nara-Rohit,2,I_KNEW_IT,Aneel Kanneganti media thriller
Pratighatana (1985),TW,80s,drama,Vijayashanti,2,GENERATIONAL_BRIDGE,T Krishna social
Prema,TW,80s,romance,Venkatesh,2,GENERATIONAL_BRIDGE,Suresh Krissh
Premikudu,TW,90s,romance,Prabhu-Deva,2,GENERATIONAL_BRIDGE,Shankar Kaadhalan Telugu
Premikula Roju,TW,90s,romance,Kunal,2,GENERATIONAL_BRIDGE,AM Rathnam
Racha,TW,2010s,action,Ram-Charan,2,ARGUMENT,Sampath Nandi mass
Raja Kumarudu,TW,90s,drama,Mahesh,2,GENERATIONAL_BRIDGE,Mahesh adult debut
Raja Raja Chora,TW,2020s,comedy,Sree-Vishnu,2,I_KNEW_IT,Hasith Goli photocopier conman
Raja The Great,TW,2010s,action,Ravi-Teja,2,ARGUMENT,Anil Ravipudi blind-man
Rajanna,TW,2010s,drama,Nagarjuna,2,GENERATIONAL_BRIDGE,Vijayendra Prasad period
Raju Gari Gadhi 2,TW,2010s,horror,Nagarjuna,2,GENERATIONAL_BRIDGE,Omkar horror-comedy
Red,TW,2020s,thriller,Ram-Pothineni,2,ARGUMENT,Thadam remake
Rikshavodu,TW,90s,drama,Chiranjeevi,2,GENERATIONAL_BRIDGE,S V Krishna Reddy
Rowdy Alludu,TW,80s,action,Chiranjeevi,2,GENERATIONAL_BRIDGE,Kodi Ramakrishna triple
Rowdy Inspector,TW,90s,action,Balakrishna,2,GENERATIONAL_BRIDGE,B Gopal mass
Rudra Veena,TW,80s,drama,Chiranjeevi,2,GENERATIONAL_BRIDGE,K Balachander music
Ruler,TW,2010s,action,Balakrishna,2,ARGUMENT,KS Ravikumar mass
Run Raja Run,TW,2010s,comedy,Sharwanand,2,I_KNEW_IT,Sujeeth rom-com debut
Saaho,TW,2010s,action,Prabhas,2,ARGUMENT,Sujeeth pan-India
Sammohanam,TW,2010s,romance,Sudheer-Babu,2,I_KNEW_IT,Mohana Krishna Indraganti meta-romance
Sankeerthana,TW,80s,romance,Naresh,2,GENERATIONAL_BRIDGE,Dasari
Sankranti,TW,2000s,drama,Venkatesh,2,GENERATIONAL_BRIDGE,Muthyala Subbaiah
Saptapadi,TW,80s,drama,Somayajulu,2,GENERATIONAL_BRIDGE,K Viswanath caste
Saripodhaa Sanivaaram,TW,2020s,action,Nani,2,I_KNEW_IT,Saturday rage 2024
Sarkaru Vaari Paata,TW,2020s,action,Mahesh,2,ARGUMENT,banks-and-mass misfire
Sarocharu,TW,2010s,action,Ravi-Teja,2,ARGUMENT,Parasuram two-girl
Sindhooram,TW,90s,drama,Sanjay-Bhargav,2,I_KNEW_IT,Krishna Vamsi naxal
Sir / Vaathi,TW,2020s,drama,Dhanush,2,I_KNEW_IT,teacher biopic bilingual
Sirivennela,TW,80s,drama,Sarvadaman-Banerjee,2,GENERATIONAL_BRIDGE,K Viswanath blind-flautist
Sita,TW,2010s,drama,Bellamkonda-Sreenivas,2,ARGUMENT,Teja dual-personality
Sita Kalyanam,TW,70s,drama,Ravi-Kumar,2,GENERATIONAL_BRIDGE,Bapu Ramayana
Sri Krishna Tulabharam,TW,60s,drama,NTR-Sr,2,GENERATIONAL_BRIDGE,Kamalakara
Srivariki Premalekha,TW,80s,romance,Naresh,2,GENERATIONAL_BRIDGE,Jandhyala cult
Sruthilayalu,TW,80s,drama,Sumanth,2,GENERATIONAL_BRIDGE,K Viswanath
Student No 1,TW,2000s,drama,NTR-Jr,2,GENERATIONAL_BRIDGE,Rajamouli debut
Subhalekha,TW,80s,drama,Chiranjeevi,2,GENERATIONAL_BRIDGE,K Viswanath dowry
Super,TW,2000s,action,Nagarjuna,2,GENERATIONAL_BRIDGE,Puri Jagannadh cop
Swarnakamalam,TW,80s,drama,Bhanupriya,2,GENERATIONAL_BRIDGE,K Viswanath classical dance
Swayamkrushi,TW,80s,drama,Chiranjeevi,2,GENERATIONAL_BRIDGE,K Viswanath cobbler
Taxiwaala,TW,2010s,thriller,Vijay-Deverakonda,2,I_KNEW_IT,haunted cab 2018
Teenmaar,TW,2010s,action,Pawan,2,ARGUMENT,Love Aaj Kal remake
Thandel,TW,2020s,drama,Naga-Chaitanya,2,I_KNEW_IT,fisherman Pakistan jail 2025
Uyyala Jampala (2015),TW,2010s,romance,Raj-Tarun,2,I_KNEW_IT,Virinchi Varma hit
Veera,TW,2010s,action,Ravi-Teja,2,ARGUMENT,Ramesh Varma
Vetagadu,TW,70s,action,NTR-Sr,2,GENERATIONAL_BRIDGE,K Raghavendra Rao hunter
Vunnadi Okate Zindagi,TW,2010s,drama,Ram-Pothineni,2,I_KNEW_IT,Kishore Tirumala nostalgia
Yamagola Malli Modalaindi,TW,2000s,fantasy,Mohan-Babu,2,ARGUMENT,original sequel
Yashoda,TW,2020s,thriller,Samantha,2,I_KNEW_IT,surrogate black-market
Yathra,TW,2010s,drama,Mammootty,2,I_KNEW_IT,Mahi Raghav YSR biopic
Jailer,TW,2020s,action,Rajinikanth,1,I_KNEW_IT,Tamil-Telugu
KGF Chapter 1,TW,2010s,action,Yash,1,I_KNEW_IT,Kannada-Telugu pan-India
KGF Chapter 2,TW,2020s,action,Yash,1,I_KNEW_IT,Kannada-Telugu pan-India
Kantara,TW,2020s,drama,Rishab-Shetty,1,I_KNEW_IT,Kannada-Telugu pan-India
Vikram,TW,2020s,action,Kamal-Haasan,1,I_KNEW_IT,Tamil-Telugu dub
Guntur Kaaram,TW,2020s,action,Mahesh,1,ARGUMENT,Trivikram flop debate
Aadi,TW,2000s,action,NTR-Jr,1,GENERATIONAL_BRIDGE,VV Vinayak breakout
Adavi Ramudu (1975),TW,70s,action,NTR-Sr,1,GENERATIONAL_BRIDGE,K Raghavendra Rao 1977
Aditya 369,TW,90s,sci-fi,Balakrishna,1,GENERATIONAL_BRIDGE,Singeetam time-machine
Agent Sai Srinivasa Athreya,TW,2010s,thriller,Naveen-Polishetty,1,I_KNEW_IT,Nellore detective hit
Aha Naa Pellanta,TW,80s,comedy,Rajendra-Prasad,1,GENERATIONAL_BRIDGE,Jandhyala
Akhanda,TW,2020s,action,Balakrishna,1,I_KNEW_IT,Aghora double role
Ala Modalaindi,TW,2010s,romance,Nani,1,GENERATIONAL_BRIDGE,Nani debut as lead
Allari Alludu,TW,90s,comedy,Nagarjuna,1,GENERATIONAL_BRIDGE,EVV Satyanarayana comedy
Anand,TW,2000s,romance,Raja,1,I_KNEW_IT,Sekhar Kammula rom-com
Annamayya,TW,90s,drama,Nagarjuna,1,I_KNEW_IT,Raghavendra Rao saint biopic
Annayya,TW,2000s,drama,Chiranjeevi,1,GENERATIONAL_BRIDGE,Muthu Telugu remake
Aravinda Sametha Veera Raghava,TW,2010s,action,NTR-Jr,1,I_KNEW_IT,Trivikram faction
Arundhati,TW,2000s,horror,Anushka,1,I_KNEW_IT,Kodi Ramakrishna queen-ghost
Arya,TW,2000s,romance,Allu-Arjun,1,I_KNEW_IT,Sukumar breakout
Arya 2,TW,2000s,romance,Allu-Arjun,1,I_KNEW_IT,Sukumar toxic-love
Badri,TW,2000s,action,Pawan,1,GENERATIONAL_BRIDGE,first Pawan mass hit
Bhaagamathie,TW,2010s,horror,Anushka,1,I_KNEW_IT,G Ashok haunted-politician
Bhagavanth Kesari,TW,2020s,action,Balakrishna,1,I_KNEW_IT,Anil Ravipudi mass
Bhairava Dweepam,TW,90s,fantasy,Balakrishna,1,GENERATIONAL_BRIDGE,Jandhyala fantasy classic
Bhale Bhale Magadivoy,TW,2010s,comedy,Nani,1,I_KNEW_IT,forgetful groom rom-com
Bobbili Raja,TW,90s,drama,Venkatesh,1,GENERATIONAL_BRIDGE,B Gopal faction
Chirutha,TW,2000s,action,Ram-Charan,1,GENERATIONAL_BRIDGE,Puri Jagannadh debut
Chitram,TW,2000s,romance,Uday-Kiran,1,GENERATIONAL_BRIDGE,Teja music phenom
Daana Veera Soora Karna,TW,70s,drama,NTR-Sr,1,GENERATIONAL_BRIDGE,triple-role classic
Darling,TW,2010s,romance,Prabhas,1,I_KNEW_IT,Karunakaran rom-com
Dear Comrade,TW,2010s,drama,Vijay-Deverakonda,1,I_KNEW_IT,student union romance
Devadasu (1955),TW,50s,drama,ANR,1,GENERATIONAL_BRIDGE,1953 Vedantam Raghavaiah
Devadasu (2005),TW,2000s,drama,Ram,1,I_KNEW_IT,YVS Chowdary modern Devadasu
Devara Part 1,TW,2020s,action,NTR-Jr,1,I_KNEW_IT,coastal mass 2024
Dhruva,TW,2010s,thriller,Ram-Charan,1,I_KNEW_IT,Thani Oruvan remake
Dil,TW,2000s,romance,Nithiin,1,I_KNEW_IT,VV Vinayak father-in-law rom-com
Drushyam,TW,2010s,thriller,Venkatesh,1,I_KNEW_IT,Drishyam Telugu
Drushyam 2,TW,2020s,thriller,Venkatesh,1,ARGUMENT,sequel debate
Eega,TW,2010s,fantasy,Nani,1,I_KNEW_IT,Rajamouli fly-reincarnation
Ekkadiki Pothavu Chinnavada,TW,2010s,fantasy,Nikhil,1,I_KNEW_IT,three-soul-reincarnation
F2 Fun and Frustration,TW,2010s,comedy,Venkatesh,1,I_KNEW_IT,Anil Ravipudi husband-dom
Gabbar Singh,TW,2010s,action,Pawan,1,I_KNEW_IT,Dabangg Telugu remake
Game Changer,TW,2020s,action,Ram-Charan,1,ARGUMENT,Shankar delayed circus
Gamyam,TW,2000s,drama,Allari-Naresh,1,I_KNEW_IT,Krish road-drama
Gang Leader (1995),TW,90s,action,Chiranjeevi,1,GENERATIONAL_BRIDGE,Vijaya Bapineedu blockbuster
Gautamiputra Satakarni,TW,2010s,drama,Balakrishna,1,I_KNEW_IT,Krish Satavahana epic
Geethanjali,TW,80s,romance,Nagarjuna,1,GENERATIONAL_BRIDGE,Mani Ratnam illness romance
Gharana Mogudu,TW,90s,comedy,Chiranjeevi,1,GENERATIONAL_BRIDGE,K Raghavendra Rao 1992
Ghazi,TW,2010s,war,Rana-Daggubati,1,I_KNEW_IT,Sankalp Reddy submarine
Godavari,TW,2000s,romance,Sumanth,1,I_KNEW_IT,Sekhar Kammula boat romance
Golimaar,TW,2010s,action,Gopichand,1,I_KNEW_IT,Puri Jagannadh encounter cop
Goodachari,TW,2010s,thriller,Adivi-Sesh,1,I_KNEW_IT,Telugu spy thriller
Gopala Gopala,TW,2010s,comedy,Pawan,1,I_KNEW_IT,OMG Telugu remake
Govindudu Andarivadele,TW,2010s,drama,Ram-Charan,1,I_KNEW_IT,Krishna Vamsi family
HIT The First Case,TW,2020s,thriller,Vishwak-Sen,1,I_KNEW_IT,Sailesh Kolanu procedural
HanuMan,TW,2020s,action,Teja-Sajja,1,I_KNEW_IT,low-budget superhero hit
Hi Nanna,TW,2020s,drama,Nani,1,I_KNEW_IT,father-daughter sob hit
Indra,TW,2000s,action,Chiranjeevi,1,I_KNEW_IT,B Gopal Ganga factionist
Ismart Shankar,TW,2010s,action,Ram-Pothineni,1,I_KNEW_IT,Puri Jagannadh trippy mass
Jagadeka Veerudu Athiloka Sundari,TW,90s,fantasy,Chiranjeevi,1,GENERATIONAL_BRIDGE,Raghavendra Rao urvasi
Jai Lava Kusa,TW,2010s,action,NTR-Jr,1,I_KNEW_IT,Bobby triple-role
Janatha Garage,TW,2010s,action,NTR-Jr,1,I_KNEW_IT,Koratala activism
Jathi Ratnalu,TW,2020s,comedy,Naveen-Polishetty,1,I_KNEW_IT,Jogulamba Gadwal losers
Kalisundam Raa,TW,2000s,drama,Venkatesh,1,GENERATIONAL_BRIDGE,K Raghavendra family hit
Kalki 2898 AD,TW,2020s,sci-fi,Prabhas,1,I_KNEW_IT,mythic sci-fi spectacle
Kanche,TW,2010s,drama,Varun-Tej,1,I_KNEW_IT,Krish WWII caste
Kartavyam,TW,90s,action,Vijayashanti,1,GENERATIONAL_BRIDGE,A Mohan Gandhi lady-cop
Karthikeya,TW,2010s,thriller,Nikhil,1,I_KNEW_IT,Chandoo Mondeti snake temple
Karthikeya 2,TW,2020s,thriller,Nikhil,1,I_KNEW_IT,Krishna bracelet mystery
Khadgam,TW,2000s,action,Srikanth,1,I_KNEW_IT,Krishna Vamsi post-Godhra ensemble
Khaidi,TW,80s,action,Chiranjeevi,1,GENERATIONAL_BRIDGE,A Kodandarami Reddy star-making
Kotha Bangaru Lokam,TW,2000s,romance,Varun-Sandesh,1,I_KNEW_IT,Srikanth Addala small-town
Kshanam,TW,2010s,thriller,Adivi-Sesh,1,I_KNEW_IT,Ravikanth Perepu missing-child
Ladies Tailor,TW,80s,comedy,Rajendra-Prasad,1,GENERATIONAL_BRIDGE,Vamsi iconic
Lava Kusa,TW,60s,drama,NTR-Sr,1,GENERATIONAL_BRIDGE,CS Rao Ramayana
Legend,TW,2010s,action,Balakrishna,1,I_KNEW_IT,Boyapati factionist
Majili,TW,2010s,romance,Naga-Chaitanya,1,I_KNEW_IT,Shiva Nirvana Sam-Chaitanya
Major,TW,2020s,drama,Adivi-Sesh,1,GENERATIONAL_BRIDGE,26/11 Sandeep Unnikrishnan
Mallesham,TW,2010s,drama,Priyadarshi,1,I_KNEW_IT,Asani weaver biopic
Manasantha Nuvve,TW,2000s,romance,Uday-Kiran,1,GENERATIONAL_BRIDGE,VN Aditya hit 2001
Mass,TW,2000s,action,Nagarjuna,1,I_KNEW_IT,Raghavan Lawrence mass
Master (1995),TW,90s,action,Chiranjeevi,1,GENERATIONAL_BRIDGE,Suresh Krissh cop
Mayabazar,TW,50s,fantasy,NTR-Sr,1,GENERATIONAL_BRIDGE,KV Reddy all-time classic
Mayuri,TW,80s,drama,Sudha-Chandran,1,GENERATIONAL_BRIDGE,Singeetam dancer biopic
Missamma,TW,50s,comedy,NTR-Sr,1,GENERATIONAL_BRIDGE,LV Prasad classic
Money,TW,90s,comedy,JD-Chakravarthy,1,I_KNEW_IT,Siva Nageswara Rao cult
Murari,TW,2000s,drama,Mahesh,1,GENERATIONAL_BRIDGE,family curse epic
NTR Kathanayakudu,TW,2010s,drama,Balakrishna,1,ARGUMENT,Krish biopic part 1
NTR Mahanayakudu,TW,2010s,drama,Balakrishna,1,ARGUMENT,Krish biopic part 2
Nannaku Prematho,TW,2010s,thriller,NTR-Jr,1,I_KNEW_IT,Sukumar father-avenging
Narasimha Naidu,TW,2000s,action,Balakrishna,1,GENERATIONAL_BRIDGE,B Gopal factionist blockbuster
Narthanasala,TW,60s,drama,NTR-Sr,1,GENERATIONAL_BRIDGE,Kamalakara Mahabharata
Nayak,TW,2010s,action,Ram-Charan,1,GENERATIONAL_BRIDGE,VV Vinayak dual-role
Nene Raju Nene Mantri,TW,2010s,drama,Rana-Daggubati,1,ARGUMENT,Teja political
Ninnu Kori,TW,2010s,romance,Nani,1,I_KNEW_IT,triangle drama 2017
Nuvvu Nenu,TW,2000s,romance,Uday-Kiran,1,GENERATIONAL_BRIDGE,Teja breakout rom-com
Oh Baby,TW,2010s,comedy,Samantha,1,I_KNEW_IT,70-to-25 magical comedy
Oopiri,TW,2010s,drama,Nagarjuna,1,I_KNEW_IT,Intouchables Telugu
Patala Bhairavi,TW,50s,fantasy,NTR-Sr,1,GENERATIONAL_BRIDGE,KV Reddy magical
Preminchukundam Raa,TW,90s,romance,Venkatesh,1,GENERATIONAL_BRIDGE,Jayant Paranji rom-com
Pushpa 2 The Rule,TW,2020s,action,Allu-Arjun,1,ARGUMENT,sequel debate vs Rise
Pushpaka Vimanam,TW,80s,comedy,Kamal-Haasan,1,GENERATIONAL_BRIDGE,Singeetam silent film
Race Gurram,TW,2010s,action,Allu-Arjun,1,I_KNEW_IT,Surender Reddy cat-and-mouse
Rakshasudu,TW,2010s,thriller,Bellamkonda-Sreenivas,1,I_KNEW_IT,Ramesh Varma serial-killer
Rangasthalam,TW,2010s,drama,Ram-Charan,1,I_KNEW_IT,Sukumar village epic
Rarandoi Veduka Chudham,TW,2010s,romance,Naga-Chaitanya,1,GENERATIONAL_BRIDGE,Kalyan Krishna hit
Salaar Part 1,TW,2020s,action,Prabhas,1,ARGUMENT,KGF-adjacent bloodbath
Samarasimha Reddy,TW,90s,action,Balakrishna,1,GENERATIONAL_BRIDGE,B Gopal faction origin
Sarileru Neekevvaru,TW,2020s,action,Mahesh,1,I_KNEW_IT,Anil Ravipudi Sankranti
Sarrainodu,TW,2010s,action,Allu-Arjun,1,I_KNEW_IT,Boyapati mass
Shankar Dada MBBS,TW,2000s,comedy,Chiranjeevi,1,I_KNEW_IT,Munnabhai Telugu
Shankar Dada Zindabad,TW,2000s,drama,Chiranjeevi,1,GENERATIONAL_BRIDGE,Lage Raho Telugu
Shyam Singha Roy,TW,2020s,drama,Nani,1,I_KNEW_IT,Bengali writer reincarnation
Simha,TW,2010s,action,Balakrishna,1,GENERATIONAL_BRIDGE,Boyapati mass
Simhadri,TW,2000s,action,NTR-Jr,1,I_KNEW_IT,Rajamouli Mumbai-Malaysia
Sita Ramam,TW,2020s,romance,Dulquer,1,I_KNEW_IT,letter romance pan-India
Soggade Chinni Nayana,TW,2010s,drama,Nagarjuna,1,I_KNEW_IT,Kalyan Krishna ghost-grandfather
Stalin,TW,2000s,action,Chiranjeevi,1,I_KNEW_IT,AR Murugadoss vigilante
Sudigadu,TW,2010s,comedy,Allari-Naresh,1,I_KNEW_IT,Bhimaneni spoof
Sye,TW,2000s,sports,Nithiin,1,I_KNEW_IT,Rajamouli rugby mass
Thammudu,TW,90s,romance,Pawan,1,I_KNEW_IT,brother-sister wedding dash
Vakeel Saab,TW,2020s,drama,Pawan,1,I_KNEW_IT,Pink Telugu remake
Varsham,TW,2000s,romance,Prabhas,1,I_KNEW_IT,Sobhan rain romance
Vedam,TW,2010s,drama,Allu-Arjun,1,I_KNEW_IT,Krish hyperlink ensemble
Veera Simha Reddy,TW,2020s,action,Balakrishna,1,ARGUMENT,factionist Sankranti
Virupaksha,TW,2020s,thriller,Sai-Dharam-Tej,1,I_KNEW_IT,occult village hit
Waltair Veerayya,TW,2020s,action,Chiranjeevi,1,I_KNEW_IT,Chiru Sankranti comeback
Yamadonga,TW,2000s,fantasy,NTR-Jr,1,I_KNEW_IT,Rajamouli hell-heist
Yamagola,TW,70s,fantasy,NTR-Sr,1,GENERATIONAL_BRIDGE,Tatineni Rama Rao hell comedy
Yamudiki Mogudu,TW,80s,fantasy,Chiranjeevi,1,GENERATIONAL_BRIDGE,A Kodandarami Reddy Yama comedy
Yevadu,TW,2010s,action,Ram-Charan,1,I_KNEW_IT,face-transplant mass
Waqt,BW,60s,drama,Balraj-Sahni,2,GENERATIONAL_BRIDGE,lost-and-found trope origin
Aradhana,BW,60s,romance,Rajesh-Khanna,1,I_KNEW_IT,Kishore Kumar breakthrough
Woh Kaun Thi,BW,60s,thriller,Manoj-Kumar,2,GENERATIONAL_BRIDGE,black-and-white mystery
Sangam,BW,60s,romance,Raj-Kapoor,1,I_KNEW_IT,love-triangle
Padosan,BW,60s,comedy,Sunil-Dutt,1,I_KNEW_IT,Mere Saamne Wali Khidki
Teesri Manzil,BW,60s,thriller,Shammi-Kapoor,1,I_KNEW_IT,RD Burman breakout
Jewel Thief,BW,60s,thriller,Dev-Anand,1,I_KNEW_IT,Vijay Anand noir
Junglee,BW,60s,romance,Shammi-Kapoor,1,I_KNEW_IT,Yahoo song
Upkar,BW,60s,drama,Manoj-Kumar,2,GENERATIONAL_BRIDGE,Mere Desh Ki Dharti
Mother India,BW,60s,drama,Nargis,1,I_KNEW_IT,Oscar-nominated
Ram Aur Shyam,BW,60s,drama,Dilip-Kumar,1,I_KNEW_IT,twin-mix origin
Farz,BW,60s,action,Jeetendra,2,GENERATIONAL_BRIDGE,spy-jumping-jack
Haqeeqat,BW,60s,drama,Dharmendra,2,FLEX,1962 war
Shree 420,BW,60s,drama,Raj-Kapoor,1,I_KNEW_IT,Mera Joota Hai Japani
Awara,BW,60s,drama,Raj-Kapoor,1,I_KNEW_IT,Awara Hoon vagabond
Kashmir Ki Kali,BW,60s,romance,Shammi-Kapoor,3,GENERATIONAL_BRIDGE,Kashmir tourism
Bandini,BW,60s,drama,Nutan,3,FLEX,Bimal Roy female-prisoner
Sujata,BW,60s,drama,Nutan,3,FLEX,caste-love
Do Raaste,BW,60s,drama,Rajesh-Khanna,3,GENERATIONAL_BRIDGE,joint-family conflict
Hum Dono,BW,60s,drama,Dev-Anand,3,FLEX,double-role war
Baazi,BW,60s,thriller,Dev-Anand,3,FLEX,Guru Dutt noir
CID,BW,60s,thriller,Dev-Anand,3,FLEX,detective classic
Jaagte Raho,BW,60s,drama,Raj-Kapoor,3,FLEX,overnight-chawl
Do Bigha Zamin,BW,60s,drama,Balraj-Sahni,1,I_KNEW_IT,farmer migrant
Madhumati,BW,60s,drama,Dilip-Kumar,1,I_KNEW_IT,reincarnation Bimal Roy
Kati Patang,BW,70s,drama,Rajesh-Khanna,2,GENERATIONAL_BRIDGE,widow drama
Kabhi Kabhie,BW,70s,romance,Amitabh,2,GENERATIONAL_BRIDGE,title Khayyam song
Trishul,BW,70s,drama,Amitabh,2,GENERATIONAL_BRIDGE,illegitimate-son revenge
Muqaddar Ka Sikandar,BW,70s,drama,Amitabh,2,GENERATIONAL_BRIDGE,orphan-to-millionaire
Suhaag,BW,70s,drama,Amitabh,2,GENERATIONAL_BRIDGE,two-brother cop-criminal
Johny Mera Naam,BW,70s,thriller,Dev-Anand,1,I_KNEW_IT,lost-brother con
Seeta Aur Geeta,BW,70s,comedy,Hema,1,I_KNEW_IT,twin-swap origin
Amar Prem,BW,70s,drama,Rajesh-Khanna,1,I_KNEW_IT,Chingari Koi Bhadke
Haathi Mere Saathi,BW,70s,drama,Rajesh-Khanna,2,GENERATIONAL_BRIDGE,elephant-love
Jai Santoshi Maa,BW,70s,other,Anita,2,GENERATIONAL_BRIDGE,goddess blockbuster
Dharam Veer,BW,70s,action,Dharmendra,1,I_KNEW_IT,Manmohan-Desai two-hero
Yaadon Ki Baaraat,BW,70s,action,Dharmendra,1,I_KNEW_IT,three-brother anthem-reunion
Mr Natwarlal,BW,70s,action,Amitabh,2,FLEX,con-man tiger
Guddi,BW,70s,drama,Jaya,2,FLEX,actor-crush teen
Parichay,BW,70s,drama,Jaya,1,I_KNEW_IT,Sound-of-Music remake
Pakeezah,BW,70s,drama,Meena-Kumari,1,I_KNEW_IT,courtesan musical
Roti Kapda Aur Makaan,BW,70s,drama,Manoj-Kumar,2,FLEX,Manoj Kumar social
Bawarchi,BW,70s,comedy,Rajesh-Khanna,2,GENERATIONAL_BRIDGE,Hrishikesh Mukherjee
Kaala Patthar,BW,70s,drama,Amitabh,3,FLEX,coal mine ensemble
Mili,BW,70s,drama,Amitabh,3,FLEX,terminal-illness romance
Koshish,BW,70s,drama,Sanjeev-Kumar,1,I_KNEW_IT,deaf-mute couple
Aandhi,BW,70s,drama,Suchitra,3,FLEX,Emergency-banned politician
Mausam,BW,70s,drama,Sanjeev-Kumar,3,FLEX,Gulzar mountain
Khamoshi 1970,BW,70s,drama,Rajesh-Khanna,3,FLEX,nurse-patient romance
Purab Aur Paschim,BW,70s,drama,Manoj-Kumar,3,GENERATIONAL_BRIDGE,East-vs-West
Mr India,BW,80s,other,Anil-Kapoor,1,I_KNEW_IT,Mogambo khush hua
Qayamat Se Qayamat Tak,BW,80s,romance,Aamir,1,I_KNEW_IT,Aamir debut
Maine Pyar Kiya,BW,80s,romance,Salman,1,I_KNEW_IT,Salman debut
Disco Dancer,BW,80s,musical,Mithun,1,I_KNEW_IT,Jimmy Jimmy Jimmy
Laawaris,BW,80s,drama,Amitabh,2,GENERATIONAL_BRIDGE,Mere Angne Mein song
Coolie,BW,80s,action,Amitabh,1,I_KNEW_IT,famous on-set accident
Sharaabi,BW,80s,drama,Amitabh,2,GENERATIONAL_BRIDGE,alcoholic heir
Tezaab,BW,80s,action,Anil-Kapoor,2,GENERATIONAL_BRIDGE,Ek Do Teen
Ram Lakhan,BW,80s,action,Anil-Kapoor,2,GENERATIONAL_BRIDGE,two-brother trope
Tridev,BW,80s,action,Sunny-Deol,2,GENERATIONAL_BRIDGE,Oye Oye song
Chandni,BW,80s,romance,Rishi-Kapoor,1,I_KNEW_IT,Yash Chopra white sari
Karma,BW,80s,action,Dilip-Kumar,2,GENERATIONAL_BRIDGE,patriotic revenge
Yaarana,BW,80s,drama,Amitabh,2,GENERATIONAL_BRIDGE,Saara Zamaana
Umrao Jaan,BW,80s,drama,Rekha,1,I_KNEW_IT,courtesan-poet
Qurbani,BW,80s,action,Feroz,2,GENERATIONAL_BRIDGE,Aap Jaisa Koi
Hero,BW,80s,romance,Jackie,2,GENERATIONAL_BRIDGE,Subhash Ghai launch
Karz,BW,80s,drama,Rishi-Kapoor,1,I_KNEW_IT,reincarnation-revenge
Chaalbaaz,BW,80s,comedy,Sridevi,2,GENERATIONAL_BRIDGE,Seeta-and-Geeta callback
Nagina,BW,80s,drama,Sridevi,2,GENERATIONAL_BRIDGE,snake-dance Mein Teri Dushman
Betaab,BW,80s,romance,Sunny-Deol,2,GENERATIONAL_BRIDGE,Sunny debut
Rocky,BW,80s,action,Sanjay,2,GENERATIONAL_BRIDGE,Sanjay debut
Naam,BW,80s,drama,Sanjay,2,GENERATIONAL_BRIDGE,brothers-abroad
Ek Duuje Ke Liye,BW,80s,romance,Kamal-Haasan,2,GENERATIONAL_BRIDGE,North-South couple
Himmatwala 1983,BW,80s,action,Jeetendra,2,GENERATIONAL_BRIDGE,Nainon Mein Sapna
Khoon Bhari Maang,BW,80s,thriller,Rekha,2,GENERATIONAL_BRIDGE,crocodile-revenge
Silsila,BW,80s,romance,Amitabh,1,I_KNEW_IT,real-life love triangle casting
Shakti,BW,80s,drama,Dilip-Kumar,2,FLEX,Dilip vs Amitabh
Parinda,BW,80s,crime,Anil-Kapoor,2,GENERATIONAL_BRIDGE,Vidhu Vinod Chopra mob
Saagar,BW,80s,romance,Rishi-Kapoor,2,GENERATIONAL_BRIDGE,Dimple comeback
Arth,BW,80s,drama,Shabana,2,GENERATIONAL_BRIDGE,Mahesh Bhatt autobio
Masoom,BW,80s,drama,Naseeruddin,2,GENERATIONAL_BRIDGE,illegitimate-child family
Shaan,BW,80s,action,Amitabh,2,GENERATIONAL_BRIDGE,Shakaal villain
Angoor,BW,80s,comedy,Sanjeev-Kumar,2,FLEX,Comedy-of-Errors
Shahenshah,BW,80s,action,Amitabh,3,FLEX,comeback role
Ardh Satya,BW,80s,drama,Om-Puri,3,GENERATIONAL_BRIDGE,Govind Nihalani cop
Mirch Masala,BW,80s,drama,Smita-Patil,3,GENERATIONAL_BRIDGE,chilli-factory feminist fable
Nayakan,BW,80s,crime,Kamal-Haasan,3,GENERATIONAL_BRIDGE,Mumbai don biopic
Meri Jung,BW,80s,drama,Anil-Kapoor,3,FLEX,courtroom potboiler
Inquilaab,BW,80s,action,Amitabh,3,FLEX,cop-politician
Kranti,BW,80s,drama,Dilip-Kumar,3,FLEX,freedom-fighter ensemble
Prem Rog,BW,80s,romance,Rishi-Kapoor,3,GENERATIONAL_BRIDGE,widow-remarriage
Sadma,BW,80s,drama,Sridevi,3,GENERATIONAL_BRIDGE,amnesia-love
Ram Teri Ganga Maili,BW,80s,drama,Rajiv-Kapoor,3,GENERATIONAL_BRIDGE,Raj Kapoor Ganga
Dilwala,BW,80s,action,Mithun,3,FLEX,Mithun-action
Saaransh,BW,80s,drama,Anupam,3,FLEX,Anupam-Kher debut
Vidhaata,BW,80s,action,Dilip-Kumar,3,FLEX,grandfather-son-gangster
Clerk,BW,80s,drama,Manoj-Kumar,3,FLEX,government-clerk
Tohfa,BW,80s,action,Jeetendra,3,FLEX,Sridevi-Jaya Prada love-triangle
Mawaali,BW,80s,action,Jeetendra,3,FLEX,revenge-80s
Justice Chaudhury,BW,80s,drama,Jeetendra,3,FLEX,courtroom-drama
Jo Jeeta Wohi Sikandar,BW,90s,other,Aamir,1,I_KNEW_IT,college cycle race
Dil To Pagal Hai,BW,90s,romance,SRK,1,I_KNEW_IT,dance troupe
Border,BW,90s,action,Sunny-Deol,1,I_KNEW_IT,1971 war
Rangeela,BW,90s,romance,Aamir,1,I_KNEW_IT,RGV Urmila dance
Raja Hindustani,BW,90s,romance,Aamir,1,I_KNEW_IT,Pardesi Pardesi
Coolie No 1,BW,90s,comedy,Govinda,1,GENERATIONAL_BRIDGE,Sada Suhaagan
Hero No 1,BW,90s,comedy,Govinda,1,GENERATIONAL_BRIDGE,Priyadarshan-adjacent
Roja,BW,90s,thriller,Arvind-Swamy,1,I_KNEW_IT,Rahman debut
Sarfarosh,BW,90s,action,Aamir,2,GENERATIONAL_BRIDGE,cross-border cop
Pardes,BW,90s,drama,SRK,2,GENERATIONAL_BRIDGE,I love my India
Saajan,BW,90s,romance,Salman,1,I_KNEW_IT,poet love triangle
Hum Saath Saath Hain,BW,90s,family,Salman,1,I_KNEW_IT,Sooraj Barjatya ensemble
Biwi No 1,BW,90s,comedy,Salman,1,I_KNEW_IT,David Dhawan
Judwaa,BW,90s,comedy,Salman,1,I_KNEW_IT,twin mix-up
Beta,BW,90s,drama,Anil-Kapoor,2,GENERATIONAL_BRIDGE,stepmother-son
Taal,BW,90s,romance,Anil-Kapoor,2,GENERATIONAL_BRIDGE,Subhash Ghai dance
Khiladi,BW,90s,action,Akshay,1,I_KNEW_IT,Khiladi franchise origin
Mohra,BW,90s,action,Akshay,1,I_KNEW_IT,Tip Tip Barsa Paani
Vastav,BW,90s,crime,Sanjay,2,GENERATIONAL_BRIDGE,accidental-gangster
Khalnayak,BW,90s,action,Sanjay,2,GENERATIONAL_BRIDGE,Choli Ke Peeche
Saajan Chale Sasural,BW,90s,comedy,Govinda,2,GENERATIONAL_BRIDGE,two-wife confusion
Raja Babu,BW,90s,comedy,Govinda,2,GENERATIONAL_BRIDGE,Sarkayile Khatiya
Damini,BW,90s,drama,Sunny-Deol,2,GENERATIONAL_BRIDGE,tareekh pe tareekh
Ghayal,BW,90s,action,Sunny-Deol,2,GENERATIONAL_BRIDGE,wrongly-accused
Phool Aur Kaante,BW,90s,action,Ajay-Devgn,2,GENERATIONAL_BRIDGE,Ajay debut bike-splits
Aashiqui,BW,90s,romance,Rahul-Roy,1,I_KNEW_IT,Mahesh Bhatt cassette-era
Sadak,BW,90s,drama,Sanjay,2,GENERATIONAL_BRIDGE,brothel-rescue
Soldier,BW,90s,action,Bobby,2,GENERATIONAL_BRIDGE,army-revenge
Barsaat,BW,90s,romance,Bobby,2,GENERATIONAL_BRIDGE,Barsaat 1995
Saudagar (1991),BW,90s,drama,Dilip-Kumar,2,GENERATIONAL_BRIDGE,Dilip-Raaj Kumar reunion
Saudagar,BW,90s,drama,Dilip-Kumar,2,GENERATIONAL_BRIDGE,Dilip-Raaj Kumar reunion
Gupt,BW,90s,thriller,Bobby,2,GENERATIONAL_BRIDGE,whodunit climax
Lamhe,BW,90s,romance,Anil-Kapoor,2,FLEX,older-love ahead of time
Dil Hai Ki Manta Nahin,BW,90s,romance,Aamir,2,FLEX,It Happened One Night remake
Ghulam,BW,90s,drama,Aamir,2,FLEX,train-tracks dare
Koyla,BW,90s,action,SRK,2,FLEX,Madhuri coal-mine
Judaai,BW,90s,drama,Anil-Kapoor,2,GENERATIONAL_BRIDGE,second-wife contract
Aankhen,BW,90s,comedy,Govinda,2,FLEX,twin-double role
Dulhe Raja,BW,90s,comedy,Govinda,2,FLEX,restaurant-war comedy
Haseena Maan Jaayegi,BW,90s,comedy,Govinda,2,FLEX,twin-role classic
Gunda,BW,90s,action,Mithun,2,FLEX,cult-meme-movie
Earth 1947,BW,90s,drama,Aamir,3,FLEX,Deepa Mehta partition
Mann,BW,90s,romance,Aamir,3,FLEX,An Affair to Remember remake
Swarg,BW,90s,drama,Govinda,3,FLEX,servant-family loyalty
Shola Aur Shabnam,BW,90s,action,Govinda,3,FLEX,David Dhawan action
Henna,BW,90s,romance,Rishi-Kapoor,3,FLEX,cross-border romance
Jeet,BW,90s,action,Sunny-Deol,3,FLEX,Salman-Sunny love-triangle
Raja Ki Aayegi Baaraat,BW,90s,drama,Rani,3,FLEX,rape-marriage
Aa Ab Laut Chalen,BW,90s,romance,Rani,3,FLEX,Rishi Kapoor directs
Thanedaar,BW,90s,action,Sanjay,3,FLEX,Tamma-Tamma
Aatish,BW,90s,action,Sanjay,3,FLEX,mafia-loyalty
Gumrah,BW,90s,thriller,Sanjay,3,FLEX,Bangkok-drug-trafficking
Hum Aapke Dil Mein Rehte Hain,BW,90s,romance,Anil-Kapoor,3,FLEX,rebound-love
Tere Mere Sapne,BW,90s,drama,Arshad,3,FLEX,Tere Mere Sapne
Anaam,BW,90s,drama,Mithun,3,FLEX,kidnap-drama
Yaaraana,BW,90s,action,Madhuri,3,FLEX,escape-mafia
Mrityudand,BW,90s,drama,Madhuri,3,FLEX,Prakash Jha village women
Dushmani,BW,90s,action,Sunny-Deol,3,FLEX,Sunny-Jackie
Prem Granth,BW,90s,drama,Rishi-Kapoor,3,FLEX,courtesan-love
Gopi Kishan,BW,90s,action,Suniel-Shetty,3,FLEX,twin-brothers
Ziddi,BW,90s,action,Sunny-Deol,3,FLEX,Raveena-Sunny
Lootere,BW,90s,action,Juhi,3,FLEX,Dharmendra-Juhi
Ghajini,BW,2000s,action,Aamir,1,I_KNEW_IT,short-memory revenge
Devdas,BW,2000s,drama,SRK,1,I_KNEW_IT,Bhansali classic
No Entry,BW,2000s,comedy,Anil-Kapoor,1,I_KNEW_IT,three-couple mix-up
Welcome,BW,2000s,comedy,Anil-Kapoor,1,I_KNEW_IT,gangster comedy
Jodhaa Akbar,BW,2000s,historical,Hrithik,1,I_KNEW_IT,Mughal emperor romance
Dhoom,BW,2000s,action,Abhishek,1,I_KNEW_IT,Dhoom origin
Gadar Ek Prem Katha,BW,2000s,drama,Sunny-Deol,1,I_KNEW_IT,Hindu-Muslim partition
Mohabbatein,BW,2000s,drama,SRK,1,I_KNEW_IT,Gurukul love
Veer-Zaara,BW,2000s,romance,SRK,1,I_KNEW_IT,cross-border romance
Kaho Naa Pyaar Hai,BW,2000s,romance,Hrithik,1,I_KNEW_IT,Hrithik debut
Hum Tum,BW,2000s,romance,Saif,1,GENERATIONAL_BRIDGE,When-Harry-met-Sally remake
Fashion,BW,2000s,drama,Priyanka,1,GENERATIONAL_BRIDGE,model-burnout
Don (2006),BW,2000s,thriller,SRK,1,ARGUMENT,remake debate
Slumdog Millionaire,BW,2000s,drama,Dev-Patel,1,ARGUMENT,Oscar-Indian debate
Tere Naam,BW,2000s,romance,Salman,2,GENERATIONAL_BRIDGE,iconic hairstyle
Partner,BW,2000s,comedy,Salman,2,GENERATIONAL_BRIDGE,Hitch remake
Company,BW,2000s,crime,Ajay,2,GENERATIONAL_BRIDGE,RGV mob
Namastey London,BW,2000s,romance,Akshay,2,GENERATIONAL_BRIDGE,NRI bride
Bachna Ae Haseeno,BW,2000s,romance,Ranbir,2,GENERATIONAL_BRIDGE,three-ex apology
Lakshya,BW,2000s,drama,Hrithik,2,GENERATIONAL_BRIDGE,Kargil coming-of-age
Mujhse Dosti Karoge,BW,2000s,romance,Hrithik,2,GENERATIONAL_BRIDGE,email-pen-pal
Parineeta,BW,2000s,romance,Saif,2,GENERATIONAL_BRIDGE,Saratchandra adaptation
Salaam Namaste,BW,2000s,romance,Saif,2,GENERATIONAL_BRIDGE,Australia live-in
Masti,BW,2000s,comedy,Vivek,2,GENERATIONAL_BRIDGE,husbands-cheat comedy
Bluffmaster,BW,2000s,comedy,Abhishek,2,GENERATIONAL_BRIDGE,con-comedy
Bunty Aur Babli,BW,2000s,comedy,Abhishek,2,GENERATIONAL_BRIDGE,con-duo
Sarkar,BW,2000s,crime,Abhishek,2,GENERATIONAL_BRIDGE,RGV Godfather
Bhagam Bhag,BW,2000s,comedy,Govinda,2,GENERATIONAL_BRIDGE,theater-troupe comedy
Life in a Metro,BW,2000s,drama,Irrfan,2,GENERATIONAL_BRIDGE,Mumbai-ensemble
Kaminey,BW,2000s,crime,Shahid,2,GENERATIONAL_BRIDGE,twin-brothers lisp-stutter
Vivah,BW,2000s,romance,Shahid,2,GENERATIONAL_BRIDGE,Barjatya purity
Ishq Vishk,BW,2000s,romance,Shahid,2,GENERATIONAL_BRIDGE,Shahid debut
New York,BW,2000s,drama,John,2,GENERATIONAL_BRIDGE,post-9/11 Guantanamo
Raaz,BW,2000s,horror,Bipasha,2,GENERATIONAL_BRIDGE,Mahesh-Bhatt horror
Jannat,BW,2000s,romance,Emraan,2,GENERATIONAL_BRIDGE,cricket-betting
Murder,BW,2000s,thriller,Emraan,2,GENERATIONAL_BRIDGE,extramarital serial-kisser
Hungama,BW,2000s,comedy,Akshaye-Khanna,1,I_KNEW_IT,Priyadarshan-classic
Malamaal Weekly,BW,2000s,comedy,Paresh,2,GENERATIONAL_BRIDGE,lottery-village comedy
Dus,BW,2000s,action,Sanjay,2,GENERATIONAL_BRIDGE,ATS-terrorist
Mission Kashmir,BW,2000s,action,Sanjay,2,GENERATIONAL_BRIDGE,father-son terror
1920,BW,2000s,horror,Rajneesh,2,GENERATIONAL_BRIDGE,period haunting
Humraaz,BW,2000s,thriller,Bobby,2,GENERATIONAL_BRIDGE,magician-con
Oye Lucky Lucky Oye,BW,2000s,comedy,Abhay,2,GENERATIONAL_BRIDGE,Delhi-thief
Tum Bin,BW,2000s,romance,Priyanshu,2,GENERATIONAL_BRIDGE,guilt-romance
Fanaa,BW,2000s,romance,Aamir,2,ARGUMENT,terrorist twist
Sarkar Raj,BW,2000s,crime,Abhishek,2,ARGUMENT,Sarkar series
Raaz 2,BW,2000s,horror,Emraan,2,ARGUMENT,Raaz series
Paheli,BW,2000s,drama,SRK,2,FLEX,ghost-husband folk tale
Billu,BW,2000s,drama,Irrfan,2,FLEX,SRK cameo
Iqbal,BW,2000s,other,Shreyas,2,FLEX,deaf-mute cricketer
Black Friday,BW,2000s,crime,Kay-Kay,2,FLEX,Bombay blasts
Yuva,BW,2000s,drama,Ajay,2,FLEX,Mani Ratnam politics
Bhoot,BW,2000s,horror,Ajay,2,FLEX,RGV haunted flat
Gangaajal,BW,2000s,drama,Ajay,2,FLEX,Bhagalpur blindings
Apaharan,BW,2000s,crime,Ajay,2,FLEX,Bihar kidnap ring
Saawariya,BW,2000s,romance,Ranbir,2,GENERATIONAL_BRIDGE,debut blue-moon
Rocket Singh,BW,2000s,drama,Ranbir,2,FLEX,salesman-of-the-year
Main Prem Ki Diwani Hoon,BW,2000s,romance,Hrithik,2,GENERATIONAL_BRIDGE,Barjatya panned
Mumbai Meri Jaan,BW,2000s,drama,Paresh,2,FLEX,7/11 ensemble
Luck By Chance,BW,2000s,drama,Farhan,2,FLEX,Zoya Akhtar Bollywood
Shootout at Lokhandwala,BW,2000s,crime,Sanjay,2,FLEX,Mumbai encounter
Ta Ra Rum Pum,BW,2000s,drama,Saif,2,FLEX,F1 racing family
Jodi No 1,BW,2000s,comedy,Govinda,2,FLEX,Govinda-Sanjay pair
Apne,BW,2000s,other,Dharmendra,2,FLEX,three-Deol boxing
Dil Bole Hadippa,BW,2000s,other,Shahid,2,GENERATIONAL_BRIDGE,cross-dressing cricket
Gangster,BW,2000s,drama,Emraan,2,FLEX,Bhatt-doomed-love
Awarapan,BW,2000s,action,Emraan,2,FLEX,Hong-Kong-don
Kante,BW,2000s,action,Sanjay,2,FLEX,Reservoir-Dogs remake
Laaga Chunari Mein Daag,BW,2000s,drama,Rani,2,FLEX,sex-work-for-family
Manorama Six Feet Under,BW,2000s,thriller,Abhay,2,FLEX,Chinatown desi
Dilli-6,BW,2000s,drama,Abhishek,2,FLEX,Rakeysh Mehra old-Delhi
Umrao Jaan (2006),BW,2000s,drama,Aishwarya,3,ARGUMENT,remake debate
Pukar,BW,2000s,action,Anil-Kapoor,3,GENERATIONAL_BRIDGE,National Award controversy
Parzania,BW,2000s,drama,Naseeruddin,3,FLEX,Gujarat riots
Kaal,BW,2000s,horror,Ajay,3,FLEX,Corbett park spook
Raincoat,BW,2000s,romance,Ajay,3,FLEX,O-Henry adaptation
Fiza,BW,2000s,drama,Hrithik,3,GENERATIONAL_BRIDGE,terrorist-brother
Tashan,BW,2000s,action,Saif,3,FLEX,YRF stylized flop
Shaadi Number 1,BW,2000s,comedy,Fardeen,3,FLEX,3-bachelors-marry
Pyaar Tune Kya Kiya,BW,2000s,thriller,Fardeen,3,FLEX,fatal-attraction desi
Jungle,BW,2000s,thriller,Fardeen,3,FLEX,RGV forest kidnap
Refugee,BW,2000s,drama,Abhishek,3,FLEX,Abhishek debut
Drona,BW,2000s,action,Abhishek,3,GENERATIONAL_BRIDGE,superhero flop
Mela,BW,2000s,action,Aamir,3,FLEX,Aamir-Twinkle flop
Hey Ram,BW,2000s,drama,Kamal-Haasan,3,FLEX,Kamal Haasan partition
Indian,BW,2000s,action,Sunny-Deol,3,FLEX,patriotic cop
Haasil,BW,2000s,drama,Irrfan,3,FLEX,UP-campus politics
The Namesake,BW,2000s,drama,Irrfan,3,FLEX,Jhumpa Lahiri adapt
Fida,BW,2000s,thriller,Shahid,3,FLEX,obsessive-love
Vaah Life Ho Toh Aisi,BW,2000s,comedy,Shahid,3,FLEX,heaven-return
36 China Town,BW,2000s,thriller,Akshaye-Khanna,3,FLEX,Priyadarshan whodunit
Chup Chup Ke,BW,2000s,comedy,Shahid,3,FLEX,stuttering-suicide comedy
Taxi No 9211,BW,2000s,drama,John,3,FLEX,Milan Luthria Mumbai
Salaam-e-Ishq,BW,2000s,romance,Anil-Kapoor,3,FLEX,six-stories ensemble
What's Your Raashee,BW,2000s,romance,Priyanka,3,FLEX,12-zodiac-brides
Pyaar Impossible,BW,2000s,romance,Uday,3,FLEX,nerd-love
Aashiq Banaya Aapne,BW,2000s,romance,Emraan,3,FLEX,Bhatt serial-kisser
Zeher,BW,2000s,thriller,Emraan,3,FLEX,cop-triangle
Woh Lamhe,BW,2000s,romance,Kangana,3,FLEX,Parveen-Babi inspired
Musafir,BW,2000s,action,Sanjay,3,FLEX,U-Turn-remake
Chameli,BW,2000s,drama,Kareena,3,GENERATIONAL_BRIDGE,prostitute-one-night
Vaastu Shastra,BW,2000s,horror,Sushmita,3,FLEX,RGV haunted bungalow
Phoonk,BW,2000s,horror,Sudeep,3,FLEX,RGV challenge-horror
Aapkaa Suroor,BW,2000s,musical,Himesh,3,FLEX,Himesh vehicle
Karzzzz,BW,2000s,drama,Himesh,3,FLEX,Karz remake
Radio,BW,2000s,romance,Himesh,3,FLEX,RJ-love
My Name Is Anthony Gonsalves,BW,2000s,musical,Nikhil,3,FLEX,Anthony-namesake
Bichhoo,BW,2000s,action,Bobby,3,FLEX,Leon-remake
Yaadein,BW,2000s,drama,Jackie,3,FLEX,Subhash Ghai three-daughters
Singham,BW,2010s,action,Ajay,1,I_KNEW_IT,cop-franchise opener
Airlift,BW,2010s,drama,Akshay,1,I_KNEW_IT,Kuwait evacuation
Kesari,BW,2010s,historical,Akshay,1,I_KNEW_IT,Saragarhi battle
Sanju,BW,2010s,biopic,Ranbir,1,I_KNEW_IT,Sanjay Dutt biopic
Super 30,BW,2010s,drama,Hrithik,1,I_KNEW_IT,Anand Kumar biopic
Piku,BW,2010s,drama,Deepika,1,I_KNEW_IT,constipation road trip
Simmba,BW,2010s,action,Ranveer,1,I_KNEW_IT,Rohit Shetty cop-verse
Baaghi,BW,2010s,action,Tiger,1,I_KNEW_IT,Kalaripayattu fighter
English Vinglish,BW,2010s,comedy,Sridevi,1,I_KNEW_IT,English-class middle-aged
2 States,BW,2010s,romance,Alia,1,I_KNEW_IT,Chetan Bhagat remake
Hindi Medium,BW,2010s,comedy,Irrfan,1,I_KNEW_IT,English-school admission
Life of Pi,BW,2010s,drama,Irrfan,1,I_KNEW_IT,tiger-boat Oscar
Aashiqui 2,BW,2010s,romance,Aditya-Roy-Kapur,1,I_KNEW_IT,singer-ruined-by-drink
Robot 2.0,BW,2010s,other,Rajinikanth,1,I_KNEW_IT,bird-man villain
Bala,BW,2010s,comedy,Ayushmann,1,I_KNEW_IT,premature-balding
The Dirty Picture,BW,2010s,biopic,Vidya,1,I_KNEW_IT,Silk Smitha
Raanjhanaa,BW,2010s,romance,Dhanush,1,I_KNEW_IT,Benaras-romance
Veere Di Wedding,BW,2010s,comedy,Kareena,1,I_KNEW_IT,four-girlfriends wedding
Good Newwz,BW,2010s,comedy,Kareena,1,I_KNEW_IT,IVF mix-up
Dear Zindagi,BW,2010s,drama,Alia,1,GENERATIONAL_BRIDGE,therapist SRK
Pad Man,BW,2010s,drama,Akshay,1,I_KNEW_IT,sanitary-pad biopic
Toilet Ek Prem Katha,BW,2010s,drama,Akshay,1,I_KNEW_IT,toilet-for-bride
OMG Oh My God,BW,2010s,comedy,Paresh,1,I_KNEW_IT,god-sues-man
Band Baaja Baaraat,BW,2010s,romance,Ranveer,1,GENERATIONAL_BRIDGE,Ranveer debut
Ae Dil Hai Mushkil,BW,2010s,romance,Ranbir,1,ARGUMENT,one-sided love
Krrish 3,BW,2010s,action,Hrithik,1,ARGUMENT,superhero sequel
Judwaa 2,BW,2010s,comedy,Varun,1,ARGUMENT,Judwaa remake
Kabir Singh,BW,2010s,romance,Shahid,1,ARGUMENT,Arjun Reddy remake
Tanu Weds Manu Returns,BW,2010s,romance,Kangana,1,ARGUMENT,TWM sequel
Prem Ratan Dhan Payo,BW,2010s,family,Salman,1,I_KNEW_IT,Barjatya return
Once Upon a Time in Mumbaai,BW,2010s,crime,Ajay,2,GENERATIONAL_BRIDGE,Haji Mastan biopic
Rustom,BW,2010s,thriller,Akshay,1,I_KNEW_IT,Nanavati case
Cocktail,BW,2010s,romance,Saif,2,GENERATIONAL_BRIDGE,London triangle
Parmanu,BW,2010s,drama,John,2,GENERATIONAL_BRIDGE,Pokhran nuclear
Heropanti,BW,2010s,action,Tiger,2,GENERATIONAL_BRIDGE,Tiger debut
Student of the Year,BW,2010s,romance,Varun,2,GENERATIONAL_BRIDGE,KJo college launch
Humpty Sharma Ki Dulhania,BW,2010s,romance,Varun,2,GENERATIONAL_BRIDGE,DDLJ homage
ABCD 2,BW,2010s,musical,Varun,2,GENERATIONAL_BRIDGE,hip-hop crew
Sui Dhaaga,BW,2010s,drama,Varun,2,GENERATIONAL_BRIDGE,make-in-India couple
Fukrey,BW,2010s,comedy,Pulkit,2,GENERATIONAL_BRIDGE,Delhi hustlers
Delhi Belly,BW,2010s,comedy,Imran,2,GENERATIONAL_BRIDGE,potty-mouth caper
Mere Brother Ki Dulhan,BW,2010s,romance,Imran,2,GENERATIONAL_BRIDGE,bride-fetching
Mom,BW,2010s,thriller,Sridevi,2,GENERATIONAL_BRIDGE,stepmother-revenge
Talaash,BW,2010s,thriller,Aamir,2,GENERATIONAL_BRIDGE,cop-ghost mystery
Yamla Pagla Deewana,BW,2010s,comedy,Dharmendra,2,GENERATIONAL_BRIDGE,Deol-family comedy
Gunday,BW,2010s,action,Ranveer,2,GENERATIONAL_BRIDGE,coal-smugglers Calcutta
Hasee Toh Phasee,BW,2010s,romance,Sidharth,2,GENERATIONAL_BRIDGE,quirky-bride
Kedarnath,BW,2010s,romance,Sara,2,GENERATIONAL_BRIDGE,flash-floods romance
Tumhari Sulu,BW,2010s,comedy,Vidya,2,GENERATIONAL_BRIDGE,night-RJ housewife
No One Killed Jessica,BW,2010s,thriller,Vidya,2,GENERATIONAL_BRIDGE,Jessica-Lall case
Hichki,BW,2010s,drama,Rani,2,GENERATIONAL_BRIDGE,Tourette-teacher
Mardaani,BW,2010s,thriller,Rani,2,GENERATIONAL_BRIDGE,child-trafficking cop
Phillauri,BW,2010s,romance,Anushka,2,GENERATIONAL_BRIDGE,ghost-bride
Khubsoorat 2014,BW,2010s,romance,Sonam,2,GENERATIONAL_BRIDGE,remake princess
Once Upon a Time in Mumbai,BW,2010s,crime,Emraan,2,GENERATIONAL_BRIDGE,Haji Mastan
Manikarnika,BW,2010s,historical,Kangana,1,I_KNEW_IT,Rani Laxmi Bai
Ki and Ka,BW,2010s,comedy,Kareena,2,GENERATIONAL_BRIDGE,role-reversed marriage
Happy Bhag Jayegi,BW,2010s,comedy,Abhay-Deol,2,GENERATIONAL_BRIDGE,cross-border bride
Lust Stories,BW,2010s,drama,Kiara,2,GENERATIONAL_BRIDGE,four-director anthology
Ra.One,BW,2010s,other,SRK,2,ARGUMENT,superhero flop-or-cult
Happy New Year,BW,2010s,comedy,SRK,2,ARGUMENT,heist dance
Raees,BW,2010s,crime,SRK,2,ARGUMENT,Gujarat bootlegger
Zero,BW,2010s,drama,SRK,2,ARGUMENT,dwarf romance flop
Race 2,BW,2010s,thriller,Saif,2,ARGUMENT,second of series
Singham Returns,BW,2010s,action,Ajay,2,ARGUMENT,Singham sequel
Housefull,BW,2010s,comedy,Akshay,1,ARGUMENT,Housefull series
Housefull 2,BW,2010s,comedy,Akshay,2,ARGUMENT,Housefull series
Housefull 3,BW,2010s,comedy,Akshay,2,ARGUMENT,Housefull series
Housefull 4,BW,2010s,comedy,Akshay,1,ARGUMENT,Housefull series
Bang Bang,BW,2010s,action,Hrithik,2,ARGUMENT,Knight-and-Day remake
Baaghi 2,BW,2010s,action,Tiger,2,ARGUMENT,Baaghi sequel
Student of the Year 2,BW,2010s,romance,Tiger,2,ARGUMENT,SOTY sequel
Badrinath Ki Dulhania,BW,2010s,romance,Varun,2,ARGUMENT,Dulhania series
Kalank,BW,2010s,drama,Varun,2,ARGUMENT,Abhishek Varman epic
Fukrey Returns,BW,2010s,comedy,Pulkit,2,ARGUMENT,Fukrey sequel
Grand Masti,BW,2010s,comedy,Vivek,2,ARGUMENT,Masti series
Pyaar Ka Punchnama 2,BW,2010s,comedy,Kartik,2,ARGUMENT,PKP series
Dhadak,BW,2010s,romance,Janhvi,2,ARGUMENT,Sairat remake
Force 2,BW,2010s,action,John,2,ARGUMENT,Force sequel
Kahaani 2,BW,2010s,thriller,Vidya,2,ARGUMENT,Kahaani sequel
Dedh Ishqiya,BW,2010s,drama,Vidya,2,ARGUMENT,Ishqiya sequel
Jai Gangaajal,BW,2010s,drama,Priyanka,2,ARGUMENT,Gangaajal sequel
Mardaani 2,BW,2010s,thriller,Rani,2,ARGUMENT,Mardaani sequel
Raaz 3,BW,2010s,horror,Emraan,2,ARGUMENT,Raaz series
Jannat 2,BW,2010s,thriller,Emraan,2,ARGUMENT,Jannat series
Murder 2,BW,2010s,thriller,Emraan,2,ARGUMENT,Murder series
Welcome Back,BW,2010s,comedy,Anil-Kapoor,2,ARGUMENT,Welcome sequel
Double Dhamaal,BW,2010s,comedy,Sanjay,2,ARGUMENT,Dhamaal sequel
Happy Phirr Bhag Jayegi,BW,2010s,comedy,Sonakshi,2,ARGUMENT,HBJ sequel
Pati Patni Aur Woh,BW,2010s,comedy,Kartik,2,ARGUMENT,remake debate
Fan,BW,2010s,thriller,SRK,2,FLEX,doppelganger obsessive
Ready,BW,2010s,comedy,Salman,1,I_KNEW_IT,masala wedding
Bodyguard,BW,2010s,action,Salman,1,I_KNEW_IT,Eid release
Bharat,BW,2010s,drama,Salman,2,FLEX,Ode to My Father remake
Shivaay,BW,2010s,action,Ajay,2,FLEX,Ajay directs himself
Baby,BW,2010s,thriller,Akshay,2,FLEX,counter-terror unit
Holiday,BW,2010s,action,Akshay,2,FLEX,soldier on vacation
Gabbar Is Back,BW,2010s,action,Akshay,2,FLEX,anti-corruption
Raajneeti,BW,2010s,drama,Ranbir,2,GENERATIONAL_BRIDGE,Godfather plus Mahabharata
Guzaarish,BW,2010s,drama,Hrithik,2,GENERATIONAL_BRIDGE,euthanasia drama
Mohenjo Daro,BW,2010s,historical,Hrithik,2,FLEX,Indus-valley epic
Kaabil,BW,2010s,thriller,Hrithik,2,FLEX,blind-revenge
Ladies vs Ricky Bahl,BW,2010s,romance,Ranveer,2,FLEX,con-man rom-com
Kill Dil,BW,2010s,action,Ranveer,2,FLEX,contract-killer love
Befikre,BW,2010s,romance,Ranveer,2,FLEX,Paris no-strings
Shootout at Wadala,BW,2010s,crime,John,2,FLEX,Manya Surve encounter
Agent Vinod,BW,2010s,thriller,Saif,2,FLEX,spy-franchise attempt
Rocky Handsome,BW,2010s,action,John,2,FLEX,Man from Nowhere remake
Madras Cafe,BW,2010s,thriller,John,2,FLEX,Rajiv Gandhi assassination
Romeo Akbar Walter,BW,2010s,thriller,John,2,FLEX,spy in Pakistan
Satyameva Jayate,BW,2010s,action,John,2,FLEX,corrupt-cop vigilante
Ek Villain,BW,2010s,thriller,Sidharth,2,FLEX,serial-killer romance
Main Tera Hero,BW,2010s,comedy,Varun,2,GENERATIONAL_BRIDGE,David Dhawan
ABCD,BW,2010s,musical,Prabhu,2,FLEX,dance reality film
October,BW,2010s,romance,Varun,2,FLEX,coma-patient care
Finding Fanny,BW,2010s,comedy,Deepika,2,FLEX,Goa road trip
Go Goa Gone,BW,2010s,horror,Saif,2,FLEX,zombie-comedy
I Hate Luv Storys,BW,2010s,romance,Imran,2,FLEX,meta-rom-com
Ek Main Aur Ekk Tu,BW,2010s,romance,Imran,2,FLEX,Vegas-wedding remorse
Saand Ki Aankh,BW,2010s,other,Taapsee,2,FLEX,sharpshooter grandmas
Manmarziyaan,BW,2010s,romance,Taapsee,2,FLEX,Punjab-love triangle
Naam Shabana,BW,2010s,thriller,Taapsee,2,FLEX,Baby prequel
Badla,BW,2010s,thriller,Taapsee,2,FLEX,Invisible Guest remake
Love Per Square Foot,BW,2010s,romance,Vicky,2,FLEX,apartment-love Netflix
Dishoom,BW,2010s,action,Varun,2,FLEX,buddy-cop desert
Blackmail,BW,2010s,thriller,Irrfan,2,FLEX,wife-affair blackmail
Karwaan,BW,2010s,drama,Irrfan,2,FLEX,road-trip corpse
Qarib Qarib Singlle,BW,2010s,romance,Irrfan,2,FLEX,dating-app middle-age
Madaari,BW,2010s,drama,Irrfan,2,FLEX,father-kidnaps-minister
D-Day,BW,2010s,thriller,Irrfan,2,FLEX,RAW in Karachi
Sarbjit,BW,2010s,biopic,Randeep,2,GENERATIONAL_BRIDGE,Pakistan-prisoner biopic
Heroine,BW,2010s,drama,Kareena,2,GENERATIONAL_BRIDGE,actress-career-crash
Jazbaa,BW,2010s,thriller,Aishwarya,2,FLEX,lawyer mother
Raavan,BW,2010s,drama,Abhishek,2,FLEX,Mani Ratnam Ramayana
R Rajkumar,BW,2010s,action,Shahid,2,FLEX,south-style masala
Batti Gul Meter Chalu,BW,2010s,drama,Shahid,2,FLEX,electricity-bill
Aligarh,BW,2010s,drama,Manoj-Bajpayee,2,FLEX,gay-professor case
Trapped,BW,2010s,thriller,Rajkummar,2,FLEX,locked-apartment solo
Commando,BW,2010s,action,Vidyut,2,FLEX,one-man-army
Force,BW,2010s,action,John,2,FLEX,cop-wife-revenge
Jawan,BW,2020s,action,SRK,1,I_KNEW_IT,vigilante double role
Tanhaji,BW,2020s,historical,Ajay,1,I_KNEW_IT,Maratha warrior
Fighter,BW,2020s,action,Hrithik,1,I_KNEW_IT,IAF Top Gun
Rocky Aur Rani Kii Prem Kahaani,BW,2020s,romance,Ranveer,1,I_KNEW_IT,KJo Punjabi-Bengali
Bhediya,BW,2020s,horror,Varun,1,I_KNEW_IT,werewolf comedy
Gangubai Kathiawadi,BW,2020s,biopic,Alia,1,I_KNEW_IT,Kamathipura matron
Stree 2,BW,2020s,comedy,Rajkummar,1,I_KNEW_IT,sarkate ka aatank
Crew,BW,2020s,comedy,Kareena,1,I_KNEW_IT,airhostess-heist
Laapataa Ladies,BW,2020s,comedy,Sparsh,1,I_KNEW_IT,bride-swap-train
12th Fail,BW,2020s,drama,Vikrant,1,I_KNEW_IT,UPSC journey
Chamkila,BW,2020s,biopic,Diljit,1,I_KNEW_IT,Amar Singh Chamkila
Thappad,BW,2020s,drama,Taapsee,1,I_KNEW_IT,one-slap divorce
Drishyam 2,BW,2020s,thriller,Ajay,1,ARGUMENT,sequel vs OG
Bhool Bhulaiyaa 2,BW,2020s,horror,Kartik,1,ARGUMENT,Manjulika returns
Brahmastra,BW,2020s,action,Ranbir,1,ARGUMENT,Astraverse opener
Gadar 2,BW,2020s,drama,Sunny-Deol,1,ARGUMENT,Gadar sequel
The Kashmir Files,BW,2020s,drama,Anupam,1,ARGUMENT,Kashmiri-Pandit exodus
The Kerala Story,BW,2020s,drama,Adah,1,ARGUMENT,ISIS-conversion controversy
Chhapaak,BW,2020s,drama,Deepika,2,GENERATIONAL_BRIDGE,acid-attack survivor biopic
Gunjan Saxena,BW,2020s,biopic,Janhvi,2,GENERATIONAL_BRIDGE,first-woman-IAF
Haseen Dillruba,BW,2020s,thriller,Taapsee,2,GENERATIONAL_BRIDGE,pulpy marriage
Sam Bahadur,BW,2020s,biopic,Vicky,2,GENERATIONAL_BRIDGE,Field Marshal Manekshaw
Darlings,BW,2020s,drama,Alia,2,GENERATIONAL_BRIDGE,abusive-husband Netflix
Badhaai Do,BW,2020s,comedy,Rajkummar,2,GENERATIONAL_BRIDGE,queer-lavender-marriage
Srikanth,BW,2020s,biopic,Rajkummar,2,GENERATIONAL_BRIDGE,blind-industrialist biopic
Shubh Mangal Zyada Saavdhan,BW,2020s,comedy,Ayushmann,2,GENERATIONAL_BRIDGE,queer rom-com
Chandigarh Kare Aashiqui,BW,2020s,romance,Ayushmann,2,GENERATIONAL_BRIDGE,trans-woman love
Article 370,BW,2020s,thriller,Yami,2,GENERATIONAL_BRIDGE,Kashmir article-abrogation
Shakuntala Devi,BW,2020s,biopic,Vidya,2,GENERATIONAL_BRIDGE,math-genius biopic
Mrs Chatterjee vs Norway,BW,2020s,drama,Rani,2,GENERATIONAL_BRIDGE,Norway-child-custody
A Thursday,BW,2020s,thriller,Yami,2,GENERATIONAL_BRIDGE,hostage-teacher
Thalaivii,BW,2020s,biopic,Kangana,2,GENERATIONAL_BRIDGE,Jayalalithaa biopic
Laal Singh Chaddha,BW,2020s,drama,Aamir,1,ARGUMENT,Forrest Gump remake
Dunki,BW,2020s,drama,SRK,2,ARGUMENT,donkey-route immigration
Tiger 3,BW,2020s,action,Salman,1,ARGUMENT,YRF spy-universe
Bholaa,BW,2020s,action,Ajay,2,ARGUMENT,Kaithi remake
Shehzada,BW,2020s,action,Kartik,2,ARGUMENT,Ala Vaikunthapurramuloo remake
Satyaprem Ki Katha,BW,2020s,romance,Kartik,2,ARGUMENT,consent themes
Tu Jhoothi Main Makkaar,BW,2020s,romance,Ranbir,2,ARGUMENT,Luv Ranjan flip
Vikram Vedha,BW,2020s,action,Hrithik,2,ARGUMENT,Tamil remake
Cirkus,BW,2020s,comedy,Ranveer,2,ARGUMENT,Rohit Shetty miss
Don 3,BW,2020s,thriller,Ranveer,2,ARGUMENT,SRK-to-Ranveer debate
Love Aaj Kal (2020),BW,2020s,romance,Kartik,2,ARGUMENT,sequel debate
Baaghi 3,BW,2020s,action,Tiger,2,ARGUMENT,Baaghi sequel
Bawaal,BW,2020s,drama,Varun,2,ARGUMENT,Holocaust metaphor
Project K,BW,2020s,other,Deepika,2,ARGUMENT,Kalki dystopia
Fukrey 3,BW,2020s,comedy,Pulkit,2,ARGUMENT,Fukrey sequel
Phir Aayi Haseen Dillruba,BW,2020s,thriller,Taapsee,2,ARGUMENT,Haseen Dillruba sequel
Bunty Aur Babli 2,BW,2020s,comedy,Saif,2,ARGUMENT,sequel debate
OMG 2,BW,2020s,drama,Pankaj,2,ARGUMENT,sex-ed OMG sequel
Angrezi Medium,BW,2020s,comedy,Irrfan,2,ARGUMENT,Hindi Medium sequel
Jersey,BW,2020s,other,Shahid,2,ARGUMENT,Telugu remake
Dream Girl 2,BW,2020s,comedy,Ayushmann,2,ARGUMENT,Dream Girl sequel
Hungama 2,BW,2020s,comedy,Paresh,2,ARGUMENT,Hungama sequel
Emergency,BW,2020s,biopic,Kangana,2,ARGUMENT,Indira Gandhi biopic
The Girl on the Train,BW,2020s,thriller,Parineeti,2,ARGUMENT,Hollywood remake
Lust Stories 2,BW,2020s,drama,Tamannaah,2,ARGUMENT,Lust Stories sequel
Maidaan,BW,2020s,other,Ajay,2,FLEX,football coach biopic
Freddy,BW,2020s,thriller,Kartik,2,FLEX,dentist psycho
Chandu Champion,BW,2020s,other,Kartik,2,FLEX,Murlikant Petkar biopic
Gulabo Sitabo,BW,2020s,comedy,Ayushmann,2,GENERATIONAL_BRIDGE,Lucknow haveli
Jawaani Jaaneman,BW,2020s,comedy,Saif,2,FLEX,middle-age-dad meets daughter
Street Dancer 3D,BW,2020s,musical,Varun,2,FLEX,dance-off India-Pak
JugJugg Jeeyo,BW,2020s,comedy,Varun,2,FLEX,divorce-dad-son
Roohi,BW,2020s,horror,Janhvi,2,FLEX,Stree-verse
Good Luck Jerry,BW,2020s,comedy,Janhvi,2,FLEX,drug-mule small-town
Mili (2022),BW,2020s,drama,Janhvi,2,FLEX,freezer-trapped
Shiddat,BW,2020s,romance,Sunny-Kaushal,2,FLEX,obsessive-love
Rashmi Rocket,BW,2020s,other,Taapsee,2,FLEX,gender-test athlete
Looop Lapeta,BW,2020s,thriller,Taapsee,2,FLEX,Run Lola Run remake
The Big Bull,BW,2020s,drama,Abhishek,2,GENERATIONAL_BRIDGE,Harshad Mehta biopic
Ludo,BW,2020s,comedy,Abhishek,2,GENERATIONAL_BRIDGE,four-plot Netflix
Sardar Udham,BW,2020s,biopic,Vicky,2,GENERATIONAL_BRIDGE,Jallianwala revenge
Govinda Naam Mera,BW,2020s,comedy,Vicky,2,FLEX,wife-mistress mix
The Great Indian Family,BW,2020s,comedy,Vicky,2,FLEX,religion mix-up
Zara Hatke Zara Bachke,BW,2020s,romance,Vicky,2,FLEX,couple affordable-housing
Jigra,BW,2020s,action,Alia,2,FLEX,sister-saves-brother prison
Mission Majnu,BW,2020s,thriller,Sidharth,2,FLEX,RAW in Pakistan
Yodha,BW,2020s,action,Sidharth,2,FLEX,airplane-hijack
Murder Mubarak,BW,2020s,thriller,Sara,2,FLEX,club-whodunit Netflix
Farzi,BW,2020s,thriller,Shahid,2,FLEX,counterfeit Netflix
Bloody Daddy,BW,2020s,action,Shahid,2,FLEX,one-night-hotel
Doctor G,BW,2020s,comedy,Ayushmann,2,FLEX,male-gynaec
An Action Hero,BW,2020s,thriller,Ayushmann,2,FLEX,actor-on-run
Pagglait,BW,2020s,drama,Sanya,2,FLEX,widow-discovers-affair
Thugs of Hindostan,BW,2010s,action,Aamir,3,FLEX,box-office flop
Jai Ho,BW,2010s,action,Salman,3,FLEX,help-chain
Race 3,BW,2010s,thriller,Salman,3,ARGUMENT,meme-flop
Radhe,BW,2020s,action,Salman,3,FLEX,Eid pandemic release
